car_id,lat,long,Timestamp,location
35,36.04811395,24.8795751,01/06/2014 12:22:01,GAStect
35,36.04811706,24.87957116,01/07/2014 12:35:01,GAStect
35,36.07622215,24.874607,01/07/2014 20:20:01,None
35,36.07669784,24.85772179,01/07/2014 21:23:01,Hippokampos
35,36.07623157,24.87450798,01/08/2014 06:23:02,None
35,36.0480231,24.87956527,01/08/2014 12:18:01,GAStect
35,36.04811263,24.87956939,01/08/2014 17:50:01,GAStect
35,36.07626065,24.87469947,01/08/2014 19:45:01,None
35,36.0766763,24.85767966,01/08/2014 21:43:01,Hippokampos
35,36.07623062,24.87471053,01/09/2014 06:36:01,None
35,36.0481097,24.87956851,01/09/2014 12:42:01,GAStect
35,36.04810954,24.87957411,01/09/2014 17:52:01,GAStect
35,36.0762571,24.87460626,01/09/2014 19:31:01,None
35,36.07662454,24.85758617,01/09/2014 20:42:01,Hippokampos
35,36.07622365,24.8746854,01/10/2014 06:21:01,None
35,36.04820487,24.8795689,01/10/2014 12:14:02,GAStect
35,36.07624031,24.87469355,01/10/2014 20:05:01,None
35,36.0766483,24.85770348,01/10/2014 22:24:01,Hippokampos
35,36.076249,24.87462245,01/11/2014 13:52:01,None
35,36.05292921,24.84964036,01/11/2014 17:24:03,kronos capitol
35,36.0895563,24.86064648,01/12/2014 16:22:01,Desafio Golf Course
35,36.07626366,24.87466486,01/13/2014 06:46:01,None
35,36.04811417,24.87956971,01/13/2014 12:18:01,GAStect
35,36.07622887,24.87461657,01/13/2014 19:39:01,None
35,36.07669622,24.85763914,01/13/2014 20:36:01,Hippokampos
35,36.076228,24.87459094,01/14/2014 06:38:01,None
35,36.07623858,24.87471006,01/14/2014 19:09:01,None
35,36.07666291,24.85776214,01/14/2014 20:26:02,Hippokampos
35,36.07626342,24.87467214,01/15/2014 06:24:01,None
35,36.07620852,24.87451954,01/15/2014 19:39:02,None
35,36.07623696,24.87467243,01/16/2014 07:00:01,None
35,36.06750501,24.87339969,01/16/2014 07:15:01,Jack's Magical Beans
35,36.04811804,24.87957501,01/16/2014 12:40:01,GAStect
35,36.0766625,24.85772603,01/16/2014 20:53:01,Hippokampos
35,36.07624011,24.87457955,01/17/2014 06:13:01,None
35,36.04803198,24.8795697,01/17/2014 12:29:01,GAStect
35,36.07625067,24.8746735,01/17/2014 19:23:01,None
35,36.0766559,24.85776266,01/17/2014 21:37:02,Hippokampos
35,36.07624864,24.87470426,01/18/2014 13:05:01,None
35,36.06583536,24.85245104,01/18/2014 13:30:01,Kalami Kafenion
35,36.05497595,24.90172354,01/18/2014 16:00:01,Frydos Autosupply n' More
35,36.07622418,24.87469007,01/18/2014 18:22:01,None
35,36.07663862,24.8576952,01/18/2014 19:41:01,Hippokampos
35,36.07631646,24.87468375,01/19/2014 12:37:01,None
35,36.08931299,24.86041782,01/19/2014 16:02:04,Desafio Golf Course
35,36.07667639,24.85781503,01/19/2014 20:04:02,Hippokampos
4,36.04820503,24.87956716,01/06/2014 12:34:02,GAStect
4,36.0634518,24.85098404,01/06/2014 13:29:01,Abila Zacharo
4,36.0766451,24.85784517,01/06/2014 20:52:03,Hippokampos
4,36.07821802,24.87211693,01/07/2014 06:42:01,None
4,36.0481173,24.87956951,01/07/2014 12:09:01,GAStect
4,36.04811324,24.87956576,01/07/2014 18:22:01,GAStect
4,36.07666477,24.85766992,01/07/2014 21:25:01,Hippokampos
4,36.07822164,24.87203758,01/08/2014 06:22:01,None
4,36.04811783,24.8795658,01/08/2014 12:32:01,GAStect
4,36.07669045,24.85763266,01/08/2014 21:02:01,Hippokampos
4,36.07819766,24.87202966,01/09/2014 06:56:01,None
4,36.04803182,24.87957022,01/09/2014 12:28:01,GAStect
4,36.04811065,24.87956779,01/09/2014 17:58:01,GAStect
4,36.07820135,24.87204698,01/09/2014 19:53:01,None
4,36.06597201,24.84977887,01/09/2014 21:40:01,Kronos Mart
4,36.07820909,24.87194484,01/10/2014 06:46:02,None
4,36.04811538,24.87957313,01/10/2014 12:24:01,GAStect
4,36.05434469,24.89977103,01/10/2014 13:34:02,Katerina's Cafe
4,36.04810936,24.87957109,01/10/2014 18:02:01,GAStect
4,36.07663663,24.85763723,01/10/2014 20:11:01,Hippokampos
4,36.0766573,24.85766373,01/11/2014 13:48:01,Hippokampos
4,36.07668806,24.85767079,01/11/2014 19:27:01,Hippokampos
4,36.07819816,24.87213341,01/12/2014 13:01:01,None
4,36.08950718,24.86062735,01/12/2014 16:05:02,Desafio Golf Course
4,36.07669546,24.85778377,01/12/2014 20:46:02,Hippokampos
4,36.07818854,24.87214688,01/13/2014 06:32:01,None
4,36.04811556,24.87956854,01/13/2014 12:20:01,GAStect
4,36.0481137,24.87956618,01/13/2014 18:04:01,GAStect
4,36.07820172,24.87202789,01/13/2014 19:28:01,None
4,36.07332041,24.86416839,01/14/2014 07:17:01,Brewed Awakenings
4,36.04810879,24.87957497,01/14/2014 12:09:01,GAStect
4,36.07665445,24.85777754,01/14/2014 13:26:02,Hippokampos
4,36.04811372,24.8795708,01/15/2014 12:11:01,GAStect
4,36.07820615,24.87205466,01/15/2014 19:17:01,None
4,36.07662938,24.8576732,01/15/2014 20:20:01,Hippokampos
4,36.04820184,24.87957773,01/16/2014 12:18:02,GAStect
4,36.04811691,24.87957376,01/16/2014 18:21:01,GAStect
4,36.07820518,24.87204159,01/16/2014 19:40:01,None
4,36.07663435,24.85765187,01/16/2014 21:14:01,Hippokampos
4,36.07818834,24.87209265,01/17/2014 07:18:01,None
4,36.07328627,24.86419206,01/17/2014 07:31:01,Brewed Awakenings
4,36.04811433,24.87957398,01/17/2014 12:19:01,GAStect
4,36.07666517,24.8577241,01/17/2014 20:55:01,Hippokampos
4,36.07818961,24.87204642,01/18/2014 12:40:01,None
4,36.05452587,24.89987537,01/18/2014 14:04:01,Katerina's Cafe
4,36.06320954,24.8522786,01/18/2014 19:49:01,Roberts and Sons
4,36.0781901,24.87214361,01/19/2014 12:31:01,None
19,36.08179819,24.85096166,01/06/2014 07:40:01,Bean There Done That
19,36.0481104,24.87957539,01/06/2014 11:56:01,GAStect
19,36.07670617,24.85737641,01/06/2014 20:34:03,Hippokampos
19,36.08789361,24.85622213,01/07/2014 07:00:01,None
19,36.08178309,24.85100161,01/07/2014 07:48:02,Bean There Done That
19,36.0754351,24.85628431,01/07/2014 20:06:02,Albert's Fine Clothing
19,36.08793123,24.8562887,01/08/2014 07:10:01,None
19,36.04811974,24.87956975,01/08/2014 12:09:01,GAStect
19,36.05442514,24.89991823,01/08/2014 13:45:01,Katerina's Cafe
19,36.04811384,24.87956556,01/08/2014 17:30:01,GAStect
19,36.07664529,24.85752747,01/08/2014 20:03:01,Hippokampos
19,36.08789043,24.85632892,01/09/2014 07:03:01,None
19,36.04810854,24.87957213,01/09/2014 11:55:01,GAStect
19,36.07663819,24.8575123,01/09/2014 21:07:01,Hippokampos
19,36.08784853,24.8563725,01/10/2014 07:37:01,None
19,36.08175645,24.85099079,01/10/2014 07:51:02,Bean There Done That
19,36.04811285,24.87956595,01/10/2014 11:48:01,GAStect
19,36.05445832,24.8998836,01/10/2014 13:51:01,Katerina's Cafe
19,36.04811951,24.87957442,01/10/2014 17:41:01,GAStect
19,36.08782302,24.85641542,01/10/2014 19:07:01,None
19,36.08527204,24.86044546,01/10/2014 19:39:02,None
19,36.0878733,24.85627695,01/11/2014 12:40:01,None
19,36.05454831,24.89995893,01/11/2014 13:37:01,Katerina's Cafe
19,36.08789561,24.85609531,01/12/2014 18:18:02,None
19,36.07667242,24.85761322,01/12/2014 19:36:01,Hippokampos
19,36.08784825,24.85632423,01/13/2014 07:12:01,None
19,36.06338472,24.8510287,01/13/2014 13:34:01,Abila Zacharo
19,36.08786426,24.85623336,01/14/2014 07:11:01,None
19,36.08173043,24.85101283,01/14/2014 07:46:02,Bean There Done That
19,36.04811621,24.87957562,01/14/2014 12:09:01,GAStect
19,36.04811388,24.87957117,01/14/2014 17:46:01,GAStect
19,36.07669095,24.85761448,01/14/2014 21:09:01,Hippokampos
19,36.08788944,24.85627417,01/15/2014 07:07:01,None
19,36.04811492,24.87957199,01/15/2014 12:11:01,GAStect
19,36.08782081,24.85622275,01/15/2014 19:50:01,None
19,36.07668768,24.85730938,01/15/2014 21:12:03,Hippokampos
19,36.08791406,24.85630046,01/16/2014 07:19:01,None
19,36.04811292,24.87957541,01/16/2014 11:51:01,GAStect
19,36.08788598,24.85596199,01/17/2014 07:39:07,None
19,36.04811656,24.87957365,01/17/2014 11:53:01,GAStect
19,36.0632561,24.85101687,01/17/2014 13:33:02,Abila Zacharo
19,36.04811091,24.87957485,01/17/2014 17:42:01,GAStect
19,36.05193808,24.87088708,01/18/2014 13:20:01,Ouzeri Elian
19,36.07530943,24.85628297,01/18/2014 15:31:01,Albert's Fine Clothing
19,36.08792226,24.85632778,01/18/2014 18:22:01,None
19,36.07666769,24.85752244,01/18/2014 19:37:01,Hippokampos
19,36.08788921,24.8559916,01/19/2014 12:42:04,None
19,36.08787606,24.85633429,01/19/2014 18:34:01,None
19,36.07668276,24.85741615,01/19/2014 19:46:02,Hippokampos
10,36.04811452,24.87956893,01/06/2014 11:52:01,GAStect
10,36.05445954,24.89987905,01/06/2014 13:00:01,Katerina's Cafe
10,36.04811377,24.87956729,01/06/2014 18:14:01,GAStect
10,36.07675539,24.86588924,01/06/2014 19:49:01,None
10,36.07669838,24.85761546,01/06/2014 21:57:01,Hippokampos
10,36.07683232,24.86586717,01/07/2014 07:18:01,None
10,36.07328174,24.86418861,01/07/2014 07:37:01,Brewed Awakenings
10,36.04811946,24.87957413,01/07/2014 12:10:01,GAStect
10,36.07676738,24.86588861,01/07/2014 19:52:01,None
10,36.07662311,24.85758743,01/07/2014 21:56:01,Hippokampos
10,36.0768274,24.8658965,01/08/2014 06:46:01,None
10,36.04811877,24.87957429,01/08/2014 11:57:01,GAStect
10,36.07673513,24.86585926,01/08/2014 19:43:01,None
10,36.07663869,24.85767154,01/08/2014 20:56:01,Hippokampos
10,36.07683004,24.86586632,01/09/2014 07:06:01,None
10,36.07330527,24.8641814,01/09/2014 07:37:01,Brewed Awakenings
10,36.04811901,24.87957368,01/09/2014 12:13:01,GAStect
10,36.04810848,24.87957399,01/09/2014 18:02:01,GAStect
10,36.07667637,24.86584309,01/09/2014 19:43:02,None
10,36.07522099,24.8564619,01/09/2014 21:29:02,Albert's Fine Clothing
10,36.04811251,24.87956911,01/10/2014 12:17:01,GAStect
10,36.07674858,24.86587972,01/10/2014 19:48:01,None
10,36.07664392,24.85784692,01/10/2014 20:54:03,Hippokampos
10,36.07682708,24.86588753,01/11/2014 18:20:01,None
10,36.07663506,24.85768031,01/11/2014 19:53:01,Hippokampos
10,36.07675492,24.86586837,01/12/2014 12:39:01,None
10,36.05193908,24.87086416,01/12/2014 13:04:01,Ouzeri Elian
10,36.07664938,24.85762146,01/12/2014 19:53:01,Hippokampos
10,36.07676071,24.86586473,01/13/2014 06:49:01,None
10,36.04811709,24.87956969,01/13/2014 12:05:01,GAStect
10,36.0766226,24.85779662,01/13/2014 21:19:02,Hippokampos
10,36.07682444,24.86588573,01/14/2014 07:17:01,None
10,36.07330964,24.86420191,01/14/2014 07:42:01,Brewed Awakenings
10,36.04811836,24.8795705,01/14/2014 12:03:01,GAStect
10,36.07682044,24.86587161,01/14/2014 19:32:01,None
10,36.07667879,24.85796927,01/14/2014 20:53:04,Hippokampos
10,36.07682864,24.86588745,01/15/2014 06:41:01,None
10,36.04811303,24.8795738,01/15/2014 11:57:01,GAStect
10,36.07682397,24.8658793,01/15/2014 19:36:01,None
10,36.07330951,24.86416685,01/16/2014 07:32:01,Brewed Awakenings
10,36.04811023,24.87956533,01/16/2014 12:04:01,GAStect
10,36.04811097,24.87957441,01/16/2014 18:12:01,GAStect
10,36.07673781,24.8658611,01/16/2014 19:32:01,None
10,36.07668806,24.85770984,01/16/2014 21:04:01,Hippokampos
10,36.0767498,24.86585835,01/17/2014 07:03:02,None
10,36.07328477,24.8641912,01/17/2014 07:31:01,Brewed Awakenings
10,36.04811792,24.87957088,01/17/2014 12:12:01,GAStect
10,36.04810845,24.87956625,01/17/2014 18:11:01,GAStect
10,36.07667756,24.86584318,01/17/2014 19:43:02,None
10,36.07663337,24.85768044,01/17/2014 20:34:01,Hippokampos
10,36.07685059,24.86587924,01/18/2014 12:23:01,None
10,36.07676499,24.86588103,01/18/2014 18:20:01,None
10,36.07666858,24.85788487,01/18/2014 19:47:03,Hippokampos
10,36.07667658,24.8658494,01/19/2014 12:35:02,None
10,36.07668933,24.85776978,01/19/2014 19:46:02,Hippokampos
7,36.0732484,24.86417877,01/06/2014 07:47:02,Brewed Awakenings
7,36.04820051,24.87956835,01/06/2014 11:46:02,GAStect
7,36.08433903,24.86423569,01/07/2014 07:19:02,None
7,36.07328876,24.86419696,01/07/2014 07:46:01,Brewed Awakenings
7,36.0481164,24.87957011,01/07/2014 12:09:01,GAStect
7,36.07664479,24.85770279,01/07/2014 21:07:01,Hippokampos
7,36.08437224,24.86420181,01/08/2014 07:20:02,None
7,36.07327552,24.86418505,01/08/2014 07:53:01,Brewed Awakenings
7,36.048117,24.87956621,01/08/2014 11:10:01,GAStect
7,36.04811222,24.87957111,01/08/2014 17:22:01,GAStect
7,36.07664054,24.85765333,01/08/2014 19:33:01,Hippokampos
7,36.08442265,24.8641785,01/09/2014 07:44:01,None
7,36.07327108,24.86417894,01/09/2014 07:58:01,Brewed Awakenings
7,36.04811032,24.87957492,01/09/2014 11:51:01,GAStect
7,36.08434711,24.8642031,01/09/2014 18:48:01,None
7,36.0766802,24.85771898,01/09/2014 20:10:01,Hippokampos
7,36.08448701,24.8642205,01/10/2014 07:15:01,None
7,36.07327279,24.86418408,01/10/2014 07:40:01,Brewed Awakenings
7,36.04811856,24.87957445,01/10/2014 11:00:01,GAStect
7,36.07060508,24.89518296,01/10/2014 13:13:01,Chostus Hotel
7,36.04803182,24.87957414,01/10/2014 17:28:01,GAStect
7,36.08452338,24.86416574,01/10/2014 19:12:01,None
7,36.08440425,24.86419997,01/11/2014 18:14:01,None
7,36.05451779,24.89979241,01/11/2014 19:45:01,Katerina's Cafe
7,36.08445217,24.86402685,01/12/2014 12:31:02,None
7,36.06599497,24.85239847,01/12/2014 13:57:02,Kalami Kafenion
7,36.08420553,24.86425224,01/12/2014 17:57:03,None
7,36.07667399,24.85767804,01/12/2014 20:19:01,Hippokampos
7,36.08448182,24.86419702,01/13/2014 07:26:01,None
7,36.07327848,24.86417108,01/13/2014 07:53:01,Brewed Awakenings
7,36.04811109,24.87957392,01/13/2014 11:57:01,GAStect
7,36.04820628,24.8795745,01/13/2014 17:17:02,GAStect
7,36.07329822,24.86419239,01/14/2014 07:50:01,Brewed Awakenings
7,36.04811805,24.879568,01/14/2014 11:13:01,GAStect
7,36.04811766,24.87956787,01/14/2014 17:32:01,GAStect
7,36.08423532,24.8641934,01/14/2014 19:40:03,None
7,36.0844628,24.8642161,01/15/2014 07:10:01,None
7,36.07328653,24.86418473,01/15/2014 07:40:01,Brewed Awakenings
7,36.04811969,24.87956668,01/15/2014 12:16:01,GAStect
7,36.07663227,24.85766107,01/15/2014 13:44:01,Hippokampos
7,36.04810971,24.87957603,01/15/2014 17:35:01,GAStect
7,36.08434102,24.86421154,01/15/2014 18:51:01,None
7,36.0732738,24.86420434,01/16/2014 07:44:01,Brewed Awakenings
7,36.04811019,24.87957033,01/16/2014 12:11:01,GAStect
7,36.08441926,24.86420768,01/17/2014 07:08:01,None
7,36.07332868,24.86419582,01/17/2014 07:55:01,Brewed Awakenings
7,36.04811619,24.87956581,01/17/2014 11:20:01,GAStect
7,36.07067748,24.89517609,01/17/2014 14:00:01,Chostus Hotel
7,36.0844067,24.86419758,01/17/2014 19:25:01,None
7,36.08443891,24.86413131,01/18/2014 12:38:01,None
7,36.06321658,24.85097605,01/18/2014 13:06:03,Abila Zacharo
7,36.06311124,24.85228217,01/18/2014 15:26:02,Roberts and Sons
11,36.08173293,24.85125155,01/06/2014 07:50:06,Bean There Done That
11,36.04811287,24.87956823,01/06/2014 12:12:01,GAStect
11,36.07678153,24.85761919,01/06/2014 20:29:01,Hippokampos
11,36.08413931,24.85894303,01/07/2014 07:36:01,None
11,36.08174855,24.85092336,01/07/2014 07:59:01,Bean There Done That
11,36.04811903,24.87957219,01/07/2014 17:25:01,GAStect
11,36.07685237,24.85758101,01/07/2014 20:35:02,Hippokampos
11,36.08420583,24.85902531,01/08/2014 07:35:01,None
11,36.04820646,24.87956964,01/08/2014 12:26:02,GAStect
11,36.07664613,24.85767811,01/08/2014 13:33:01,Hippokampos
11,36.04811002,24.87957646,01/08/2014 17:11:01,GAStect
11,36.07685798,24.85758548,01/08/2014 20:16:02,Hippokampos
11,36.08419763,24.85900049,01/09/2014 07:22:01,None
11,36.08172549,24.85099263,01/09/2014 08:08:01,Bean There Done That
11,36.04811058,24.87956615,01/09/2014 12:10:01,GAStect
11,36.07663134,24.85780645,01/09/2014 13:40:02,Hippokampos
11,36.05504135,24.90174978,01/09/2014 20:28:01,Frydos Autosupply n' More
11,36.04820713,24.87956855,01/10/2014 12:17:02,GAStect
11,36.07676832,24.85757912,01/12/2014 19:23:01,Hippokampos
11,36.08415175,24.85902058,01/13/2014 07:42:01,None
11,36.08176775,24.85096951,01/13/2014 08:07:01,Bean There Done That
11,36.04820573,24.87957306,01/13/2014 12:18:02,GAStect
11,36.06333297,24.85098656,01/13/2014 13:35:01,Abila Zacharo
11,36.08174035,24.85097855,01/14/2014 07:49:01,Bean There Done That
11,36.04811534,24.87956781,01/14/2014 12:15:01,GAStect
11,36.08181971,24.85095186,01/15/2014 08:12:01,Bean There Done That
11,36.07677686,24.85758529,01/15/2014 20:32:01,Hippokampos
11,36.08420642,24.85888253,01/16/2014 07:40:02,None
11,36.08181516,24.85098414,01/16/2014 08:11:02,Bean There Done That
11,36.04811518,24.87956615,01/16/2014 11:58:01,GAStect
11,36.04811117,24.87957552,01/16/2014 17:19:01,GAStect
11,36.07676364,24.85758227,01/16/2014 20:23:01,Hippokampos
11,36.08416086,24.85889474,01/17/2014 07:40:02,None
11,36.0481161,24.87956952,01/17/2014 11:58:01,GAStect
11,36.05421935,24.89979046,01/17/2014 13:53:03,Katerina's Cafe
11,36.0481138,24.87957149,01/17/2014 17:22:01,GAStect
11,36.08412423,24.8590486,01/18/2014 12:44:01,None
11,36.0841236,24.85903535,01/18/2014 18:34:01,None
11,36.07689444,24.85761649,01/18/2014 19:23:03,Hippokampos
11,36.08404208,24.85902758,01/19/2014 18:20:01,None
11,36.07677402,24.8575823,01/19/2014 19:46:01,Hippokampos
32,36.06749203,24.87338557,01/06/2014 07:45:01,Jack's Magical Beans
32,36.04811853,24.87957231,01/06/2014 12:12:01,GAStect
32,36.06751881,24.87337047,01/07/2014 07:46:01,Jack's Magical Beans
32,36.06748911,24.87348508,01/08/2014 07:34:03,Jack's Magical Beans
32,36.04810819,24.87957527,01/08/2014 11:56:01,GAStect
32,36.05197073,24.87088598,01/08/2014 13:29:01,Ouzeri Elian
32,36.06754497,24.87338996,01/09/2014 07:51:01,Jack's Magical Beans
32,36.05428329,24.89971253,01/09/2014 13:30:03,Katerina's Cafe
32,36.04811144,24.87957098,01/09/2014 18:09:01,GAStect
32,36.06752148,24.87337617,01/10/2014 07:41:01,Jack's Magical Beans
32,36.0481084,24.87957332,01/10/2014 12:10:01,GAStect
32,36.07211663,24.87460604,01/11/2014 18:05:01,None
32,36.07213723,24.87458597,01/12/2014 18:05:01,None
32,36.04811354,24.87956959,01/13/2014 11:58:01,GAStect
32,36.06750877,24.87345423,01/14/2014 07:50:02,Jack's Magical Beans
32,36.04811888,24.87957664,01/14/2014 17:47:01,GAStect
32,36.07224489,24.87464905,01/15/2014 07:10:02,None
32,36.06748071,24.87354063,01/15/2014 07:47:04,Jack's Magical Beans
32,36.06753537,24.87338468,01/16/2014 07:42:01,Jack's Magical Beans
32,36.04811718,24.8795769,01/16/2014 12:18:01,GAStect
32,36.07218442,24.87460283,01/17/2014 07:32:01,None
32,36.04810871,24.87957157,01/17/2014 12:10:01,GAStect
32,36.06314162,24.85101064,01/18/2014 13:06:04,Abila Zacharo
32,36.07221366,24.87462369,01/18/2014 18:07:01,None
34,36.05382025,24.90109465,01/06/2014 07:35:06,Brew've Been Served
34,36.04811716,24.87956859,01/06/2014 12:14:01,GAStect
34,36.07662135,24.85769629,01/06/2014 13:24:01,Hippokampos
34,36.05407099,24.90116538,01/07/2014 07:42:01,Brew've Been Served
34,36.0481176,24.87957628,01/07/2014 17:27:01,GAStect
34,36.05577046,24.90256776,01/07/2014 20:12:01,Guy's Gyros
34,36.06764296,24.90254988,01/08/2014 07:49:01,None
34,36.05398279,24.90118347,01/08/2014 08:02:02,Brew've Been Served
34,36.06759074,24.90263787,01/09/2014 07:12:03,None
34,36.05402583,24.90120249,01/09/2014 07:50:02,Brew've Been Served
34,36.04811008,24.87956529,01/09/2014 11:57:01,GAStect
34,36.06764026,24.90259816,01/10/2014 07:21:03,None
34,36.05406915,24.90122478,01/10/2014 08:02:01,Brew've Been Served
34,36.05856283,24.85817094,01/10/2014 14:44:02,Octavio's Office Supplies
34,36.04802814,24.87957671,01/10/2014 17:27:01,GAStect
34,36.06757774,24.90261062,01/10/2014 18:47:02,None
34,36.05583487,24.90255786,01/10/2014 20:00:01,Guy's Gyros
34,36.067672,24.90253928,01/11/2014 14:10:01,None
34,36.05401403,24.90120327,01/13/2014 07:52:02,Brew've Been Served
34,36.06747632,24.90283786,01/13/2014 19:10:05,None
34,36.05587202,24.90255621,01/13/2014 20:13:01,Guy's Gyros
34,36.06767061,24.90249093,01/14/2014 07:07:01,None
34,36.05401974,24.90117678,01/14/2014 07:35:02,Brew've Been Served
34,36.05407234,24.8996242,01/14/2014 13:36:05,Katerina's Cafe
34,36.04811978,24.87957418,01/14/2014 17:11:01,GAStect
34,36.05595763,24.90261817,01/14/2014 20:05:02,Guy's Gyros
34,36.06763743,24.90253867,01/15/2014 07:30:01,None
34,36.04811427,24.87957493,01/15/2014 12:18:01,GAStect
34,36.06043201,24.85663519,01/15/2014 21:10:01,General Grocer
34,36.06771326,24.90249381,01/16/2014 07:41:01,None
34,36.05401071,24.90114004,01/16/2014 07:56:02,Brew've Been Served
34,36.0559107,24.90256608,01/16/2014 19:49:01,Guy's Gyros
34,36.06759311,24.90256456,01/17/2014 07:44:02,None
34,36.05405978,24.90120137,01/17/2014 08:02:02,Brew've Been Served
34,36.04820743,24.87957309,01/17/2014 12:04:02,GAStect
34,36.06756482,24.90273211,01/17/2014 18:00:03,None
34,36.05588207,24.90252525,01/17/2014 19:57:01,Guy's Gyros
34,36.06760512,24.90254003,01/18/2014 13:11:01,None
34,36.0529239,24.84949154,01/18/2014 18:21:01,kronos capitol
17,36.05402982,24.90123665,01/06/2014 07:50:01,Brew've Been Served
17,36.04811231,24.87957161,01/06/2014 12:23:01,GAStect
17,36.0624639,24.89886396,01/07/2014 06:56:01,None
17,36.05406671,24.90124431,01/07/2014 07:38:01,Brew've Been Served
17,36.05599288,24.90263765,01/07/2014 20:12:03,Guy's Gyros
17,36.05404696,24.90120804,01/08/2014 08:02:02,Brew've Been Served
17,36.04810995,24.87957629,01/08/2014 17:32:01,GAStect
17,36.05587627,24.90252108,01/08/2014 20:11:01,Guy's Gyros
17,36.06249851,24.89878885,01/09/2014 07:29:01,None
17,36.06230822,24.89878317,01/10/2014 07:37:03,None
17,36.05402927,24.90123241,01/10/2014 07:55:01,Brew've Been Served
17,36.04811671,24.87957272,01/10/2014 12:14:01,GAStect
17,36.04811389,24.87957627,01/10/2014 17:14:01,GAStect
17,36.06237452,24.89879052,01/12/2014 18:36:01,None
17,36.05285645,24.86870598,01/12/2014 19:27:01,Shoppers' Delight
17,36.06223329,24.89864608,01/13/2014 18:47:03,None
17,36.05580231,24.90251046,01/13/2014 20:22:01,Guy's Gyros
17,36.06232351,24.8987722,01/14/2014 07:29:03,None
17,36.05593129,24.90262992,01/14/2014 20:20:02,Guy's Gyros
17,36.06241568,24.89875554,01/15/2014 06:52:01,None
17,36.05412432,24.90125517,01/15/2014 07:38:01,Brew've Been Served
17,36.04811988,24.87957661,01/15/2014 12:14:01,GAStect
17,36.04810893,24.87957464,01/15/2014 17:23:01,GAStect
17,36.05588147,24.90254988,01/15/2014 20:53:01,Guy's Gyros
17,36.05398406,24.90117746,01/16/2014 07:53:03,Brew've Been Served
17,36.06583794,24.85247385,01/16/2014 13:50:01,Kalami Kafenion
17,36.0622953,24.89867908,01/17/2014 07:00:04,None
17,36.05405634,24.90123971,01/17/2014 07:38:01,Brew've Been Served
17,36.04811187,24.87957065,01/17/2014 17:33:01,GAStect
17,36.05580471,24.90247152,01/18/2014 13:28:01,Guy's Gyros
17,36.06253955,24.89884822,01/19/2014 12:49:01,None
17,36.05192555,24.87094955,01/19/2014 14:09:02,Ouzeri Elian
17,36.06253735,24.89877878,01/19/2014 18:24:01,None
17,36.05586233,24.90256926,01/19/2014 19:51:01,Guy's Gyros
12,36.0634756,24.8858678,01/06/2014 07:44:03,Hallowed Grounds
12,36.04811231,24.87957241,01/06/2014 12:28:01,GAStect
12,36.04802417,24.87957268,01/06/2014 17:12:01,GAStect
12,36.06771765,24.89914347,01/06/2014 18:52:01,None
12,36.06361039,24.88590663,01/07/2014 07:52:01,Hallowed Grounds
12,36.04811185,24.87956758,01/07/2014 12:07:01,GAStect
12,36.06357101,24.88593213,01/08/2014 07:47:02,Hallowed Grounds
12,36.04811736,24.87957201,01/08/2014 12:14:01,GAStect
12,36.05432383,24.8998494,01/08/2014 14:08:02,Katerina's Cafe
12,36.0481162,24.87956714,01/08/2014 17:28:01,GAStect
12,36.06757949,24.89917029,01/08/2014 19:22:02,None
12,36.06036056,24.85646426,01/08/2014 21:04:01,General Grocer
12,36.06349129,24.88594337,01/09/2014 07:51:04,Hallowed Grounds
12,36.04811668,24.87956734,01/09/2014 12:32:01,GAStect
12,36.05194539,24.87086647,01/09/2014 14:10:01,Ouzeri Elian
12,36.06364691,24.88587201,01/10/2014 07:52:01,Hallowed Grounds
12,36.04810883,24.87957276,01/10/2014 12:22:01,GAStect
12,36.05440911,24.899877,01/10/2014 14:13:01,Katerina's Cafe
12,36.04810999,24.87957034,01/10/2014 17:14:01,GAStect
12,36.06766548,24.89915645,01/11/2014 13:01:01,None
12,36.06776757,24.89915042,01/13/2014 07:39:01,None
12,36.06361383,24.8858702,01/13/2014 07:57:01,Hallowed Grounds
12,36.04811094,24.87956595,01/13/2014 12:11:01,GAStect
12,36.0676916,24.89915947,01/14/2014 07:15:02,None
12,36.06364431,24.88595243,01/14/2014 07:50:01,Hallowed Grounds
12,36.04811043,24.87957346,01/14/2014 12:05:01,GAStect
12,36.04811652,24.87956784,01/14/2014 17:24:01,GAStect
12,36.06360709,24.88594413,01/15/2014 07:49:01,Hallowed Grounds
12,36.04811619,24.87957592,01/15/2014 12:20:01,GAStect
12,36.06353422,24.88588115,01/16/2014 07:46:03,Hallowed Grounds
12,36.04811728,24.87957407,01/16/2014 12:17:01,GAStect
12,36.05585111,24.90254088,01/16/2014 20:41:01,Guy's Gyros
12,36.06767872,24.89914762,01/17/2014 07:38:01,None
12,36.04810905,24.87957321,01/17/2014 12:27:01,GAStect
12,36.06581679,24.85245793,01/17/2014 14:07:01,Kalami Kafenion
12,36.06767908,24.89917319,01/17/2014 18:53:02,None
18,36.06363565,24.88593102,01/06/2014 07:41:01,Hallowed Grounds
18,36.04811585,24.87956609,01/06/2014 12:34:01,GAStect
18,36.0481116,24.87956907,01/06/2014 17:28:01,GAStect
18,36.06362118,24.88587104,01/07/2014 08:02:01,Hallowed Grounds
18,36.04811091,24.87956546,01/07/2014 12:08:01,GAStect
18,36.05569221,24.90243424,01/07/2014 14:15:01,Guy's Gyros
18,36.0545719,24.90002896,01/07/2014 20:43:01,Katerina's Cafe
18,36.063355,24.89611826,01/08/2014 07:20:01,None
18,36.0481128,24.87956717,01/08/2014 12:24:01,GAStect
18,36.06308786,24.85100379,01/08/2014 13:55:04,Abila Zacharo
18,36.04811728,24.87957006,01/08/2014 17:18:01,GAStect
18,36.06361435,24.8858988,01/09/2014 08:00:01,Hallowed Grounds
18,36.04811504,24.87957469,01/09/2014 12:20:01,GAStect
18,36.04810938,24.87957526,01/10/2014 12:18:01,GAStect
18,36.05192263,24.87096666,01/10/2014 14:09:02,Ouzeri Elian
18,36.06335172,24.89616131,01/11/2014 12:47:01,None
18,36.0633587,24.89617193,01/13/2014 07:04:01,None
18,36.04811125,24.87957299,01/13/2014 12:12:01,GAStect
18,36.07664543,24.85785147,01/13/2014 14:09:03,Hippokampos
18,36.06354013,24.88590634,01/14/2014 07:55:02,Hallowed Grounds
18,36.05571434,24.90252806,01/14/2014 13:54:01,Guy's Gyros
18,36.05450622,24.89993954,01/14/2014 21:16:01,Katerina's Cafe
18,36.06367395,24.88589983,01/15/2014 07:37:01,Hallowed Grounds
18,36.04811147,24.87956555,01/15/2014 12:24:01,GAStect
18,36.05444409,24.89995276,01/15/2014 20:06:01,Katerina's Cafe
18,36.06357598,24.88587171,01/16/2014 08:00:01,Hallowed Grounds
18,36.04820359,24.87957069,01/16/2014 12:32:02,GAStect
18,36.04811566,24.87957076,01/16/2014 17:20:01,GAStect
18,36.05457265,24.90001013,01/16/2014 20:35:02,Katerina's Cafe
18,36.04811179,24.87956639,01/17/2014 12:13:01,GAStect
18,36.0766417,24.85771642,01/17/2014 13:57:01,Hippokampos
18,36.04811511,24.87957264,01/17/2014 17:45:01,GAStect
18,36.05588607,24.90251606,01/18/2014 14:12:01,Guy's Gyros
18,36.06338715,24.89607033,01/18/2014 18:38:01,None
20,36.05351122,24.90084086,01/06/2014 07:39:14,Brew've Been Served
20,36.04820318,24.87956967,01/06/2014 11:53:02,GAStect
20,36.05588671,24.90261132,01/06/2014 20:21:02,Guy's Gyros
20,36.04811781,24.87957307,01/07/2014 11:54:01,GAStect
20,36.04811343,24.87957071,01/07/2014 17:30:01,GAStect
20,36.05399435,24.90122148,01/08/2014 07:56:02,Brew've Been Served
20,36.04811083,24.87957002,01/09/2014 12:20:01,GAStect
20,36.04820547,24.87956747,01/09/2014 17:38:02,GAStect
20,36.05577487,24.90254488,01/09/2014 19:59:01,Guy's Gyros
20,36.06592558,24.90102952,01/10/2014 07:01:01,None
20,36.05395583,24.90115037,01/10/2014 07:37:02,Brew've Been Served
20,36.0656338,24.90118504,01/10/2014 18:42:03,None
20,36.06576739,24.9010385,01/11/2014 18:50:01,None
20,36.05594608,24.90254565,01/11/2014 19:36:02,Guy's Gyros
20,36.06603551,24.90069624,01/12/2014 18:32:04,None
20,36.05403378,24.90119181,01/13/2014 07:46:02,Brew've Been Served
20,36.06334304,24.85100596,01/13/2014 13:27:01,Abila Zacharo
20,36.0481137,24.87957468,01/13/2014 17:37:01,GAStect
20,36.05402532,24.90121136,01/14/2014 07:55:02,Brew've Been Served
20,36.06312545,24.85099592,01/14/2014 13:40:04,Abila Zacharo
20,36.04811196,24.87956739,01/14/2014 14:13:01,GAStect
20,36.05857197,24.85824839,01/14/2014 15:56:04,Octavio's Office Supplies
20,36.04803152,24.87956687,01/14/2014 17:21:01,GAStect
20,36.06580027,24.90104222,01/14/2014 18:28:01,None
20,36.05576669,24.90246955,01/14/2014 20:20:01,Guy's Gyros
20,36.06587345,24.90105172,01/15/2014 07:21:01,None
20,36.0540133,24.90125239,01/15/2014 07:39:01,Brew've Been Served
20,36.04811545,24.87957618,01/15/2014 17:37:01,GAStect
20,36.05598434,24.90264169,01/15/2014 20:09:02,Guy's Gyros
20,36.05585463,24.90251798,01/16/2014 20:21:01,Guy's Gyros
20,36.06596174,24.90083159,01/17/2014 07:18:04,None
20,36.05468661,24.88982691,01/17/2014 08:03:01,Coffee Cameleon
20,36.04811717,24.87957462,01/17/2014 12:05:01,GAStect
20,36.07665347,24.85766164,01/17/2014 13:33:01,Hippokampos
20,36.0482027,24.8795734,01/17/2014 17:28:02,GAStect
20,36.0557282,24.90247329,01/17/2014 19:32:01,Guy's Gyros
20,36.06572775,24.90116368,01/18/2014 18:15:02,None
20,36.05584058,24.90257257,01/19/2014 19:56:01,Guy's Gyros
16,36.0604469,24.90553854,01/06/2014 23:01:01,None
16,36.07684027,24.86587968,01/07/2014 03:25:01,None
16,36.0768003,24.86589403,01/07/2014 07:30:01,None
16,36.07330766,24.86420419,01/07/2014 07:45:01,Brewed Awakenings
16,36.04811026,24.8795744,01/07/2014 11:56:01,GAStect
16,36.05570158,24.90251912,01/07/2014 13:29:01,Guy's Gyros
16,36.04811622,24.87956898,01/08/2014 11:45:01,GAStect
16,36.06582685,24.85237848,01/08/2014 13:46:01,Kalami Kafenion
16,36.04811555,24.87956753,01/09/2014 11:57:01,GAStect
16,36.05532807,24.90214142,01/09/2014 13:27:06,Frydos Autosupply n' More
16,36.06028619,24.90554731,01/10/2014 07:16:01,None
16,36.05439596,24.89982649,01/10/2014 13:37:01,Katerina's Cafe
16,36.04811902,24.87957353,01/10/2014 17:29:01,GAStect
16,36.06330782,24.85230813,01/10/2014 21:20:01,Roberts and Sons
16,36.07622289,24.87470238,01/11/2014 03:23:01,None
16,36.05585611,24.90257689,01/11/2014 20:18:01,Guy's Gyros
16,36.06031607,24.9055252,01/12/2014 18:32:01,None
16,36.05402254,24.9011918,01/13/2014 07:56:01,Brew've Been Served
16,36.05667971,24.9029502,01/13/2014 20:10:11,Guy's Gyros
16,36.05428051,24.89973713,01/14/2014 13:42:03,Katerina's Cafe
16,36.0481189,24.87957465,01/14/2014 17:49:01,GAStect
16,36.04811085,24.87956682,01/16/2014 12:15:01,GAStect
16,36.04812005,24.87957674,01/16/2014 17:26:01,GAStect
16,36.04811269,24.87956635,01/17/2014 11:56:01,GAStect
16,36.05513429,24.90199723,01/17/2014 20:44:03,Frydos Autosupply n' More
16,36.06041794,24.90557282,01/18/2014 18:39:01,None
16,36.05457277,24.89998437,01/18/2014 20:14:02,Katerina's Cafe
16,36.0604708,24.90558207,01/19/2014 12:23:01,None
16,36.05450828,24.89997349,01/19/2014 13:01:01,Katerina's Cafe
16,36.06040229,24.90558329,01/19/2014 18:18:01,None
16,36.05582928,24.9025573,01/19/2014 20:01:01,Guy's Gyros
6,36.0481135,24.8795697,01/06/2014 12:01:01,GAStect
6,36.05462526,24.88974017,01/07/2014 07:57:01,Coffee Cameleon
6,36.04811229,24.87957016,01/07/2014 11:55:01,GAStect
6,36.05463566,24.88976905,01/08/2014 07:57:01,Coffee Cameleon
6,36.0482021,24.87956848,01/08/2014 12:10:02,GAStect
6,36.04811567,24.87956512,01/09/2014 11:55:01,GAStect
6,36.05441053,24.89985538,01/09/2014 13:09:01,Katerina's Cafe
6,36.04802298,24.87957267,01/09/2014 17:28:01,GAStect
6,36.05594813,24.90260539,01/09/2014 20:33:02,Guy's Gyros
6,36.05467178,24.88978307,01/10/2014 07:44:01,Coffee Cameleon
6,36.04811919,24.87956783,01/10/2014 12:11:01,GAStect
6,36.05863342,24.85803928,01/10/2014 16:16:01,Octavio's Office Supplies
6,36.08543534,24.86050923,01/10/2014 22:20:01,None
6,36.0595681,24.89454194,01/11/2014 12:32:03,None
6,36.05467805,24.88977811,01/13/2014 08:03:01,Coffee Cameleon
6,36.04811033,24.87957486,01/13/2014 11:46:01,GAStect
6,36.05938369,24.89472198,01/14/2014 07:21:02,None
6,36.04811651,24.87956998,01/14/2014 12:12:01,GAStect
6,36.0594412,24.89472449,01/15/2014 07:30:02,None
6,36.04811536,24.87956632,01/15/2014 12:05:01,GAStect
6,36.04811265,24.87956984,01/15/2014 17:41:01,GAStect
6,36.05947902,24.89480535,01/16/2014 07:08:01,None
6,36.04811928,24.87957493,01/16/2014 11:53:01,GAStect
6,36.07669383,24.85778888,01/16/2014 13:39:02,Hippokampos
6,36.05468165,24.88976537,01/17/2014 07:53:01,Coffee Cameleon
6,36.04811743,24.87956623,01/17/2014 17:42:01,GAStect
6,36.05934115,24.89510168,01/17/2014 19:36:04,None
6,36.06320167,24.85231174,01/18/2014 15:44:01,Roberts and Sons
3,36.08178931,24.85106729,01/06/2014 07:47:02,Bean There Done That
3,36.04811327,24.87957379,01/06/2014 12:09:01,GAStect
3,36.08661196,24.8575749,01/07/2014 07:55:02,None
3,36.04811473,24.87956891,01/07/2014 17:44:01,GAStect
3,36.08665347,24.85751974,01/08/2014 07:03:02,None
3,36.08174728,24.85091407,01/08/2014 07:45:01,Bean There Done That
3,36.04811517,24.87956848,01/08/2014 12:13:01,GAStect
3,36.07666949,24.85802939,01/08/2014 13:52:05,Hippokampos
3,36.08656221,24.85757969,01/08/2014 18:56:01,None
3,36.07538158,24.85628646,01/08/2014 20:53:01,Albert's Fine Clothing
3,36.08661304,24.8575978,01/09/2014 07:42:02,None
3,36.0766409,24.85770614,01/09/2014 13:47:01,Hippokampos
3,36.04811165,24.8795761,01/09/2014 17:43:01,GAStect
3,36.08181604,24.85098715,01/10/2014 08:04:02,Bean There Done That
3,36.05548172,24.90229589,01/10/2014 13:52:05,Guy's Gyros
3,36.04811517,24.8795683,01/10/2014 17:44:01,GAStect
3,36.08662878,24.85765127,01/10/2014 19:03:01,None
3,36.08542131,24.86030053,01/11/2014 00:29:01,None
3,36.08662551,24.85762126,01/11/2014 18:08:01,None
3,36.06322408,24.85104051,01/13/2014 13:43:03,Abila Zacharo
3,36.08177678,24.85095132,01/14/2014 08:03:01,Bean There Done That
3,36.04810911,24.87957519,01/14/2014 11:58:01,GAStect
3,36.06582082,24.85246439,01/14/2014 13:31:01,Kalami Kafenion
3,36.07531774,24.85630164,01/14/2014 20:58:01,Albert's Fine Clothing
3,36.08665988,24.85762104,01/15/2014 07:21:01,None
3,36.06339963,24.85103863,01/15/2014 13:54:01,Abila Zacharo
3,36.08653792,24.85761853,01/15/2014 18:49:02,None
3,36.0481103,24.87957138,01/16/2014 12:13:01,GAStect
3,36.0865603,24.85761536,01/16/2014 18:37:01,None
3,36.04811399,24.87956509,01/17/2014 12:15:01,GAStect
3,36.08658848,24.85762405,01/17/2014 19:46:01,None
3,36.08662758,24.8575765,01/19/2014 18:21:01,None
26,36.04811321,24.87957122,01/06/2014 12:00:01,GAStect
26,36.04810932,24.87956517,01/07/2014 12:03:01,GAStect
26,36.05458321,24.89972696,01/07/2014 21:27:02,Katerina's Cafe
26,36.06350383,24.88590313,01/08/2014 07:40:04,Hallowed Grounds
26,36.04811728,24.8795699,01/08/2014 12:08:01,GAStect
26,36.05429388,24.89983296,01/08/2014 13:42:02,Katerina's Cafe
26,36.04811385,24.87956786,01/08/2014 17:48:01,GAStect
26,36.0545465,24.89972095,01/08/2014 20:10:02,Katerina's Cafe
26,36.07282546,24.88398442,01/09/2014 07:11:02,None
26,36.04819588,24.87956755,01/09/2014 12:01:02,GAStect
26,36.07666222,24.85765753,01/09/2014 13:58:01,Hippokampos
26,36.04810871,24.87956798,01/09/2014 17:31:01,GAStect
26,36.07277674,24.88405525,01/09/2014 19:19:02,None
26,36.05445141,24.89985803,01/09/2014 21:24:01,Katerina's Cafe
26,36.07278265,24.88407501,01/10/2014 07:14:04,None
26,36.04820809,24.87956638,01/10/2014 11:56:02,GAStect
26,36.04811687,24.87957436,01/10/2014 17:30:01,GAStect
26,36.08542135,24.86053551,01/11/2014 00:22:01,None
26,36.07301287,24.88404869,01/11/2014 12:48:01,None
26,36.06326381,24.85104224,01/11/2014 13:33:02,Abila Zacharo
26,36.07253995,24.88406183,01/11/2014 18:14:05,None
26,36.05447054,24.89979829,01/11/2014 19:53:01,Katerina's Cafe
26,36.07297708,24.88403312,01/12/2014 12:50:01,None
26,36.05196471,24.87108309,01/12/2014 13:32:03,Ouzeri Elian
26,36.07295951,24.88399509,01/13/2014 07:14:01,None
26,36.04811821,24.87957276,01/13/2014 12:12:01,GAStect
26,36.07286415,24.88398911,01/13/2014 19:23:01,None
26,36.054485,24.89989026,01/13/2014 20:35:01,Katerina's Cafe
26,36.07299435,24.88396447,01/14/2014 07:11:01,None
26,36.04811556,24.87957441,01/14/2014 12:20:01,GAStect
26,36.04811874,24.87956717,01/15/2014 12:00:01,GAStect
26,36.05435539,24.89983173,01/15/2014 14:02:01,Katerina's Cafe
26,36.04811803,24.87957524,01/15/2014 17:43:01,GAStect
26,36.05450542,24.89972979,01/15/2014 20:31:03,Katerina's Cafe
26,36.07295233,24.88397123,01/16/2014 07:23:01,None
26,36.04811719,24.87957504,01/16/2014 11:58:01,GAStect
26,36.04811427,24.87957404,01/16/2014 17:52:01,GAStect
26,36.06366079,24.88589621,01/17/2014 07:33:01,Hallowed Grounds
26,36.04811668,24.87957668,01/17/2014 12:15:01,GAStect
26,36.05460873,24.89963471,01/17/2014 20:10:03,Katerina's Cafe
26,36.05453984,24.8997132,01/18/2014 19:57:02,Katerina's Cafe
26,36.07293615,24.88404141,01/19/2014 12:32:01,None
26,36.05448113,24.89986,01/19/2014 14:06:01,Katerina's Cafe
1,36.07529304,24.85626837,01/06/2014 20:27:01,Albert's Fine Clothing
1,36.06639537,24.88260862,01/06/2014 22:11:01,None
1,36.0481118,24.87957121,01/07/2014 12:09:01,GAStect
1,36.05193481,24.87089262,01/07/2014 20:42:01,Ouzeri Elian
1,36.0664288,24.88265237,01/08/2014 07:47:01,None
1,36.06359812,24.88586616,01/08/2014 08:00:01,Hallowed Grounds
1,36.04811357,24.87957302,01/08/2014 12:08:01,GAStect
1,36.07665304,24.85775016,01/08/2014 13:48:02,Hippokampos
1,36.0481193,24.87957461,01/09/2014 12:09:01,GAStect
1,36.06343791,24.88588374,01/10/2014 08:08:04,Hallowed Grounds
1,36.04811704,24.87956642,01/10/2014 12:21:01,GAStect
1,36.08544951,24.86040478,01/10/2014 23:32:01,None
1,36.0664205,24.88245769,01/11/2014 12:40:02,None
1,36.07653946,24.85761696,01/11/2014 13:41:01,Hippokampos
1,36.07527025,24.85637896,01/11/2014 15:36:01,Albert's Fine Clothing
1,36.0664905,24.8826232,01/11/2014 18:42:01,None
1,36.06650967,24.88239532,01/12/2014 12:45:02,None
1,36.07664914,24.85786373,01/12/2014 14:11:03,Hippokampos
1,36.06641679,24.88265483,01/13/2014 07:36:01,None
1,36.0481171,24.87956759,01/13/2014 12:15:01,GAStect
1,36.04810974,24.87957048,01/13/2014 17:30:01,GAStect
1,36.05196507,24.87094742,01/13/2014 19:56:02,Ouzeri Elian
1,36.04811789,24.87957178,01/14/2014 12:07:01,GAStect
1,36.05195312,24.87123158,01/14/2014 21:15:05,Ouzeri Elian
1,36.06637338,24.88256742,01/15/2014 07:33:02,None
1,36.04810994,24.87956949,01/15/2014 12:07:01,GAStect
1,36.05196321,24.87079022,01/15/2014 20:40:01,Ouzeri Elian
1,36.06645743,24.8826365,01/15/2014 22:33:01,None
1,36.04811237,24.87956802,01/16/2014 12:23:01,GAStect
1,36.06626329,24.8826115,01/17/2014 07:45:04,None
1,36.06362081,24.88587806,01/17/2014 08:05:01,Hallowed Grounds
1,36.04811292,24.87957553,01/17/2014 17:52:01,GAStect
1,36.05190684,24.87124293,01/17/2014 20:31:05,Ouzeri Elian
1,36.06347839,24.85079593,01/18/2014 13:36:02,Abila Zacharo
1,36.06587612,24.84997923,01/18/2014 15:58:02,Kronos Mart
1,36.06648419,24.88246972,01/18/2014 18:25:02,None
1,36.05196154,24.87089034,01/18/2014 19:31:01,Ouzeri Elian
1,36.06642639,24.88259258,01/19/2014 18:26:01,None
1,36.05195434,24.87090793,01/19/2014 19:52:01,Ouzeri Elian
29,36.05469336,24.88971938,01/06/2014 07:56:07,Coffee Cameleon
29,36.04811263,24.87956854,01/06/2014 12:38:22,GAStect
29,36.05944057,24.89488808,01/06/2014 19:21:47,None
29,36.04811381,24.87957427,01/07/2014 12:30:21,GAStect
29,36.04811732,24.8795761,01/08/2014 12:21:47,GAStect
29,36.04811616,24.87957118,01/08/2014 17:25:38,GAStect
29,36.04811905,24.8795735,01/09/2014 12:43:04,GAStect
29,36.05568021,24.90242418,01/09/2014 14:16:21,Guy's Gyros
29,36.05463257,24.8896727,01/10/2014 07:48:19,Coffee Cameleon
29,36.04811863,24.87957642,01/10/2014 12:40:49,GAStect
29,36.05956752,24.85801107,01/10/2014 14:01:29,Gelatogalore
29,36.06590902,24.85237624,01/11/2014 22:55:01,Kalami Kafenion
29,36.06772939,24.87155432,01/11/2014 23:55:01,U-Pump
29,36.05282377,24.86861172,01/12/2014 16:11:28,Shoppers' Delight
29,36.05944062,24.89484142,01/12/2014 18:43:39,None
29,36.04811378,24.87957053,01/13/2014 12:42:02,GAStect
29,36.05447364,24.89995338,01/13/2014 13:55:25,Katerina's Cafe
29,36.04810917,24.87957609,01/13/2014 17:13:02,GAStect
29,36.05469537,24.88944488,01/14/2014 07:37:45,Coffee Cameleon
29,36.04811255,24.87957175,01/14/2014 12:32:12,GAStect
29,36.05431098,24.89978198,01/14/2014 13:46:20,Katerina's Cafe
29,36.04810959,24.87956541,01/14/2014 17:36:35,GAStect
29,36.04811186,24.87956955,01/15/2014 12:41:50,GAStect
29,36.06348776,24.85101314,01/15/2014 14:00:19,Abila Zacharo
29,36.04811363,24.87957406,01/16/2014 12:25:12,GAStect
29,36.04811431,24.87956766,01/17/2014 12:32:24,GAStect
29,36.0543016,24.89985078,01/17/2014 13:43:03,Katerina's Cafe
29,36.04811651,24.87956869,01/17/2014 17:27:10,GAStect
29,36.06038723,24.85682526,01/18/2014 15:39:47,General Grocer
21,36.06338594,24.85099731,01/06/2014 13:55:01,Abila Zacharo
21,36.0633799,24.89613474,01/06/2014 19:29:01,None
21,36.06028291,24.90563073,01/07/2014 07:44:01,None
21,36.06027408,24.90552375,01/08/2014 07:35:03,None
21,36.05390887,24.90108804,01/08/2014 07:52:03,Brew've Been Served
21,36.04811416,24.87957399,01/08/2014 11:07:01,GAStect
21,36.05039582,24.90034973,01/08/2014 12:22:02,None
21,36.05965529,24.85799417,01/08/2014 13:29:01,Gelatogalore
21,36.04820065,24.87957289,01/09/2014 11:16:02,GAStect
21,36.0597027,24.85799792,01/09/2014 13:46:01,Gelatogalore
21,36.0603222,24.90569116,01/10/2014 07:24:01,None
21,36.06323426,24.90014795,01/10/2014 12:12:01,None
21,36.05192997,24.87085855,01/10/2014 13:50:01,Ouzeri Elian
21,36.05027868,24.90039567,01/11/2014 18:46:01,None
21,36.05457489,24.90002108,01/11/2014 20:19:02,Katerina's Cafe
21,36.06335814,24.8961315,01/12/2014 18:46:01,None
21,36.05450483,24.8998723,01/12/2014 20:14:01,Katerina's Cafe
21,36.0634993,24.88593856,01/13/2014 07:46:03,Hallowed Grounds
21,36.04811261,24.87956544,01/13/2014 12:17:01,GAStect
21,36.05436534,24.89988371,01/13/2014 13:40:01,Katerina's Cafe
21,36.04811905,24.87957572,01/13/2014 17:35:01,GAStect
21,36.06037738,24.90559325,01/13/2014 23:00:01,None
21,36.07822157,24.87207808,01/14/2014 03:30:01,None
21,36.0632673,24.85231264,01/14/2014 21:17:01,Roberts and Sons
21,36.06333728,24.8858981,01/16/2014 08:03:06,Hallowed Grounds
21,36.04811689,24.87956883,01/16/2014 11:15:01,GAStect
21,36.06028145,24.90559367,01/17/2014 07:49:01,None
21,36.06581883,24.85247628,01/17/2014 13:44:01,Kalami Kafenion
21,36.06331636,24.89617377,01/17/2014 19:14:01,None
21,36.06037294,24.90560978,01/18/2014 18:35:01,None
21,36.05464491,24.90006489,01/18/2014 20:08:02,Katerina's Cafe
14,36.04811706,24.87956955,01/06/2014 12:24:01,GAStect
14,36.06337244,24.8961727,01/07/2014 07:01:01,None
14,36.04811047,24.87957276,01/07/2014 12:12:01,GAStect
14,36.06348365,24.88594064,01/08/2014 07:48:03,Hallowed Grounds
14,36.0481105,24.87956671,01/08/2014 12:25:01,GAStect
14,36.06333376,24.89627137,01/08/2014 19:47:02,None
14,36.04811128,24.87956914,01/09/2014 12:00:01,GAStect
14,36.06335066,24.85097777,01/09/2014 13:50:01,Abila Zacharo
14,36.04811454,24.8795741,01/10/2014 12:19:01,GAStect
14,36.04811946,24.87957153,01/10/2014 17:49:01,GAStect
14,36.08548404,24.86046223,01/10/2014 23:30:01,None
14,36.06343537,24.89613024,01/12/2014 12:30:01,None
14,36.06332704,24.89634841,01/12/2014 18:24:02,None
14,36.0481156,24.87957605,01/13/2014 12:25:01,GAStect
14,36.05427522,24.89970857,01/13/2014 13:43:03,Katerina's Cafe
14,36.04811624,24.87957659,01/13/2014 17:48:01,GAStect
14,36.06335805,24.89632141,01/13/2014 19:00:02,None
14,36.04810879,24.87957254,01/14/2014 12:05:01,GAStect
14,36.04811293,24.87957024,01/15/2014 12:03:01,GAStect
14,36.06365892,24.88589251,01/16/2014 07:55:01,Hallowed Grounds
14,36.04811388,24.87957608,01/16/2014 12:17:01,GAStect
14,36.04811597,24.8795758,01/17/2014 11:56:01,GAStect
14,36.05563179,24.9023527,01/18/2014 13:31:02,Guy's Gyros
14,36.05506978,24.90143471,01/18/2014 15:36:04,Frydos Autosupply n' More
14,36.0548059,24.90019319,01/19/2014 20:06:05,Katerina's Cafe
33,36.06241628,24.89874525,01/07/2014 07:41:02,None
33,36.05397756,24.90105964,01/07/2014 07:59:04,Brew've Been Served
33,36.04810856,24.87956837,01/07/2014 12:17:01,GAStect
33,36.06241191,24.89875895,01/08/2014 07:34:02,None
33,36.05395881,24.90117245,01/08/2014 07:49:03,Brew've Been Served
33,36.04811366,24.87956715,01/08/2014 11:02:01,GAStect
33,36.07064719,24.89520564,01/08/2014 13:21:01,Chostus Hotel
33,36.04811719,24.8795714,01/08/2014 17:22:01,GAStect
33,36.06233007,24.89862712,01/08/2014 19:10:03,None
33,36.05577092,24.90248143,01/08/2014 20:24:01,Guy's Gyros
33,36.06245206,24.89880153,01/09/2014 07:05:01,None
33,36.04811052,24.87957149,01/09/2014 12:14:01,GAStect
33,36.0766518,24.85765478,01/09/2014 13:40:01,Hippokampos
33,36.05395343,24.90113746,01/10/2014 07:55:03,Brew've Been Served
33,36.04802909,24.87956561,01/10/2014 17:15:01,GAStect
33,36.07704649,24.87620742,01/11/2014 18:25:01,Ahaggo Museum
33,36.06236113,24.89872289,01/12/2014 12:32:02,None
33,36.05398955,24.90117536,01/13/2014 07:44:01,Brew've Been Served
33,36.04811433,24.87957577,01/13/2014 12:02:01,GAStect
33,36.05574689,24.9025571,01/13/2014 20:44:01,Guy's Gyros
33,36.0624298,24.89878909,01/14/2014 07:24:01,None
33,36.05402771,24.90120406,01/14/2014 07:43:02,Brew've Been Served
33,36.06978401,24.89524631,01/14/2014 13:32:10,Chostus Hotel
33,36.0540258,24.90111237,01/15/2014 07:45:02,Brew've Been Served
33,36.05436953,24.89992231,01/16/2014 13:24:47,Katerina's Cafe
33,36.04810939,24.87957656,01/16/2014 17:33:01,GAStect
33,36.06248397,24.89881421,01/17/2014 07:36:01,None
33,36.05397398,24.9011288,01/17/2014 08:06:02,Brew've Been Served
33,36.07022866,24.89516174,01/17/2014 14:02:05,Chostus Hotel
33,36.0481162,24.87957637,01/17/2014 17:41:01,GAStect
33,36.05634993,24.902781,01/17/2014 21:01:07,Guy's Gyros
33,36.06250141,24.89880839,01/19/2014 17:50:01,None
33,36.05572241,24.90257526,01/19/2014 20:18:01,Guy's Gyros
13,36.05398425,24.90124401,01/06/2014 08:03:01,Brew've Been Served
13,36.04811128,24.87956942,01/07/2014 11:43:01,GAStect
13,36.06323357,24.90017336,01/07/2014 12:18:01,None
13,36.04810899,24.87956658,01/07/2014 17:29:01,GAStect
13,36.05613224,24.90268158,01/07/2014 19:50:04,Guy's Gyros
13,36.06040719,24.90555452,01/10/2014 07:31:01,None
13,36.06319042,24.89989967,01/10/2014 12:16:02,None
13,36.06340723,24.85097607,01/10/2014 14:09:01,Abila Zacharo
13,36.06040207,24.90555246,01/10/2014 18:48:01,None
13,36.05287175,24.86871085,01/10/2014 20:23:01,Shoppers' Delight
13,36.06037772,24.90557452,01/13/2014 08:10:01,None
13,36.06340597,24.85098763,01/13/2014 13:53:01,Abila Zacharo
13,36.0601409,24.90545083,01/13/2014 19:12:03,None
13,36.04811283,24.87957337,01/14/2014 12:25:01,GAStect
13,36.0543922,24.89979491,01/14/2014 14:03:02,Katerina's Cafe
13,36.04810854,24.87956816,01/14/2014 17:27:01,GAStect
13,36.06033611,24.85673713,01/15/2014 19:57:02,General Grocer
13,36.05405668,24.90122239,01/16/2014 08:20:02,Brew've Been Served
13,36.05025176,24.90043026,01/16/2014 12:26:01,None
13,36.05563487,24.90246268,01/16/2014 13:49:02,Guy's Gyros
13,36.04811192,24.8795654,01/16/2014 17:28:01,GAStect
13,36.0752675,24.85649082,01/16/2014 20:26:02,Albert's Fine Clothing
13,36.05958245,24.85803811,01/17/2014 13:59:02,Gelatogalore
13,36.06052082,24.90534827,01/18/2014 11:13:03,None
13,36.08066306,24.84687855,01/18/2014 12:59:01,None
13,36.06049502,24.9053211,01/18/2014 18:35:03,None
2,36.08180869,24.85109363,01/06/2014 08:11:04,Bean There Done That
2,36.04811364,24.87956724,01/06/2014 12:17:01,GAStect
2,36.07664622,24.85762992,01/06/2014 20:49:01,Hippokampos
2,36.04802358,24.87957499,01/07/2014 12:05:01,GAStect
2,36.0634004,24.85099997,01/07/2014 13:24:01,Abila Zacharo
2,36.04811191,24.87957045,01/07/2014 17:31:01,GAStect
2,36.07673712,24.85758269,01/07/2014 20:10:01,Hippokampos
2,36.08542404,24.86026591,01/08/2014 07:43:02,None
2,36.08178412,24.85095347,01/08/2014 08:06:01,Bean There Done That
2,36.07662701,24.85761831,01/08/2014 19:25:01,Hippokampos
2,36.08545403,24.86030894,01/09/2014 08:01:03,None
2,36.04812012,24.87957524,01/09/2014 12:18:01,GAStect
2,36.04811031,24.87957013,01/09/2014 17:19:01,GAStect
2,36.08179961,24.85106565,01/10/2014 08:12:03,Bean There Done That
2,36.04802665,24.87956898,01/10/2014 12:09:01,GAStect
2,36.04811749,24.87956665,01/10/2014 17:06:01,GAStect
2,36.07681691,24.85762579,01/10/2014 19:50:02,Hippokampos
2,36.08533752,24.86039771,01/11/2014 18:12:01,None
2,36.07672674,24.85762261,01/11/2014 20:29:01,Hippokampos
2,36.08542324,24.86041423,01/12/2014 18:28:01,None
2,36.07687073,24.85761236,01/12/2014 19:30:02,Hippokampos
2,36.08546452,24.86033794,01/13/2014 07:39:02,None
2,36.08172405,24.85097785,01/13/2014 08:02:01,Bean There Done That
2,36.04811613,24.87957202,01/13/2014 11:58:01,GAStect
2,36.0767667,24.85759698,01/13/2014 20:48:01,Hippokampos
2,36.08546565,24.86034942,01/14/2014 07:49:01,None
2,36.0481111,24.87957075,01/14/2014 12:00:01,GAStect
2,36.07668757,24.85757303,01/14/2014 19:45:01,Hippokampos
2,36.08550358,24.86038233,01/15/2014 08:10:01,None
2,36.05554189,24.90233731,01/15/2014 13:28:04,Guy's Gyros
2,36.07666655,24.85761549,01/15/2014 19:58:01,Hippokampos
2,36.08546856,24.86039442,01/16/2014 07:56:01,None
2,36.04811753,24.8795687,01/16/2014 11:59:01,GAStect
2,36.0660191,24.84978065,01/16/2014 20:15:02,Kronos Mart
2,36.08545551,24.86029667,01/17/2014 07:31:02,None
2,36.0818273,24.85099769,01/17/2014 08:09:02,Bean There Done That
2,36.04811625,24.87957215,01/17/2014 12:24:01,GAStect
2,36.05194224,24.87090017,01/17/2014 13:41:01,Ouzeri Elian
2,36.07676143,24.85760188,01/18/2014 20:19:01,Hippokampos
2,36.08525912,24.86038399,01/19/2014 18:16:02,None
2,36.07678721,24.85760497,01/19/2014 20:25:01,Hippokampos
27,36.0634997,24.88593529,01/06/2014 07:52:03,Hallowed Grounds
27,36.04811428,24.8795688,01/06/2014 12:17:01,GAStect
27,36.06890351,24.88427641,01/06/2014 19:00:04,None
27,36.06923375,24.88424693,01/07/2014 07:22:01,None
27,36.06353989,24.88593049,01/07/2014 07:57:02,Hallowed Grounds
27,36.04820426,24.87957128,01/07/2014 12:25:02,GAStect
27,36.07666711,24.85766211,01/07/2014 14:06:01,Hippokampos
27,36.04811389,24.87956868,01/07/2014 17:18:01,GAStect
27,36.06910931,24.88420432,01/07/2014 19:13:02,None
27,36.06920321,24.88417003,01/08/2014 07:19:01,None
27,36.0635768,24.88588123,01/08/2014 07:53:01,Hallowed Grounds
27,36.04811815,24.87957018,01/08/2014 12:14:01,GAStect
27,36.06582587,24.85246846,01/08/2014 13:54:01,Kalami Kafenion
27,36.069217,24.8842065,01/09/2014 07:25:02,None
27,36.06357694,24.88593342,01/09/2014 08:12:02,Hallowed Grounds
27,36.0481198,24.87957437,01/09/2014 12:30:01,GAStect
27,36.06907628,24.88423517,01/09/2014 18:52:02,None
27,36.06363687,24.88595414,01/10/2014 07:49:01,Hallowed Grounds
27,36.04811169,24.87957151,01/10/2014 12:25:01,GAStect
27,36.06338618,24.85098903,01/10/2014 14:07:01,Abila Zacharo
27,36.04811358,24.87956926,01/10/2014 17:30:01,GAStect
27,36.04811475,24.87957645,01/13/2014 12:37:01,GAStect
27,36.05399209,24.89953133,01/13/2014 13:54:07,Katerina's Cafe
27,36.04819744,24.87956561,01/13/2014 17:13:02,GAStect
27,36.04811028,24.87956652,01/14/2014 12:28:01,GAStect
27,36.06364206,24.88594917,01/15/2014 08:08:01,Hallowed Grounds
27,36.0481121,24.87957684,01/15/2014 12:15:01,GAStect
27,36.04811248,24.87957624,01/15/2014 17:32:01,GAStect
27,36.06367526,24.88587257,01/16/2014 07:51:01,Hallowed Grounds
27,36.04811111,24.87957113,01/16/2014 12:20:01,GAStect
27,36.06915665,24.8841925,01/16/2014 19:10:01,None
27,36.05454681,24.8998964,01/16/2014 20:54:01,Katerina's Cafe
27,36.06924264,24.8842064,01/17/2014 07:33:01,None
27,36.06359611,24.88591467,01/17/2014 08:07:01,Hallowed Grounds
27,36.0481195,24.87956938,01/17/2014 12:28:01,GAStect
8,36.06358798,24.88592013,01/06/2014 07:59:01,Hallowed Grounds
8,36.04811983,24.87956854,01/06/2014 12:18:01,GAStect
8,36.06353181,24.88592942,01/07/2014 07:39:03,Hallowed Grounds
8,36.0481135,24.87957246,01/07/2014 12:29:01,GAStect
8,36.04810963,24.87956788,01/07/2014 17:17:01,GAStect
8,36.06717973,24.88589685,01/07/2014 19:01:01,None
8,36.06364047,24.88591266,01/08/2014 08:02:01,Hallowed Grounds
8,36.04810957,24.87957431,01/08/2014 12:11:01,GAStect
8,36.06722379,24.88588741,01/08/2014 19:22:01,None
8,36.05448796,24.89988772,01/08/2014 20:32:01,Katerina's Cafe
8,36.06728828,24.88594624,01/09/2014 07:43:01,None
8,36.06352901,24.88586695,01/09/2014 07:55:02,Hallowed Grounds
8,36.04810846,24.87957292,01/09/2014 12:06:01,GAStect
8,36.06362659,24.88587076,01/10/2014 08:01:01,Hallowed Grounds
8,36.04811597,24.87957066,01/10/2014 12:28:01,GAStect
8,36.04811022,24.87956828,01/10/2014 17:27:01,GAStect
8,36.05502757,24.9015974,01/10/2014 19:00:03,Frydos Autosupply n' More
8,36.08544986,24.86049005,01/10/2014 23:45:01,None
8,36.06730392,24.88592951,01/11/2014 18:53:01,None
8,36.05445256,24.8999628,01/11/2014 19:54:01,Katerina's Cafe
8,36.07665995,24.85767384,01/12/2014 13:56:01,Hippokampos
8,36.06714415,24.88596568,01/12/2014 18:43:02,None
8,36.0635067,24.88590425,01/13/2014 07:37:03,Hallowed Grounds
8,36.04811507,24.8795665,01/13/2014 12:25:01,GAStect
8,36.05442969,24.89984305,01/13/2014 13:49:01,Katerina's Cafe
8,36.04811328,24.87957404,01/13/2014 17:22:01,GAStect
8,36.06359042,24.88593303,01/14/2014 07:36:01,Hallowed Grounds
8,36.04811397,24.87957327,01/14/2014 12:05:01,GAStect
8,36.04811894,24.87956756,01/14/2014 17:39:01,GAStect
8,36.05447898,24.8998641,01/14/2014 20:18:01,Katerina's Cafe
8,36.06362824,24.88589683,01/15/2014 07:42:01,Hallowed Grounds
8,36.04811047,24.87957459,01/15/2014 12:23:01,GAStect
8,36.06338035,24.85096492,01/15/2014 13:26:01,Abila Zacharo
8,36.04811092,24.87956563,01/15/2014 17:26:01,GAStect
8,36.06717245,24.88589543,01/16/2014 07:27:01,None
8,36.06364754,24.88589012,01/16/2014 07:45:01,Hallowed Grounds
8,36.04811044,24.8795666,01/16/2014 12:29:01,GAStect
8,36.05567417,24.90244261,01/16/2014 13:26:01,Guy's Gyros
8,36.05453159,24.89978967,01/16/2014 19:45:02,Katerina's Cafe
8,36.06363608,24.88587331,01/17/2014 07:35:01,Hallowed Grounds
8,36.04811431,24.87956719,01/17/2014 12:05:01,GAStect
8,36.06581686,24.85245438,01/17/2014 13:18:01,Kalami Kafenion
8,36.067148,24.88592774,01/17/2014 19:16:02,None
8,36.06716711,24.88593175,01/18/2014 18:30:01,None
101,36.05086343,24.82599677,01/06/2014 08:24:01,Abila Airport
101,36.06529039,24.83302604,01/06/2014 09:06:36,Kronos Pipe and Irrigation
101,36.05852906,24.88090849,01/06/2014 12:06:01,Carlyle Chemical Inc.
101,36.04802559,24.87956846,01/07/2014 08:12:37,GAStect
101,36.05414093,24.90809978,01/07/2014 10:06:37,Stewart and Sons Fabrication
101,36.05078308,24.82593818,01/09/2014 09:27:01,Abila Airport
101,36.05414382,24.90816511,01/09/2014 10:42:37,Stewart and Sons Fabrication
101,36.05857172,24.88099454,01/10/2014 09:13:49,Carlyle Chemical Inc.
101,36.0584545,24.88559328,01/10/2014 12:40:49,Nationwide Refinery
101,36.05077123,24.82593531,01/13/2014 08:19:14,Abila Airport
101,36.06529526,24.83302943,01/13/2014 09:01:49,Kronos Pipe and Irrigation
101,36.04811211,24.87957175,01/13/2014 17:11:01,GAStect
101,36.04807269,24.87957549,01/14/2014 08:42:37,GAStect
101,36.05094585,24.82591988,01/14/2014 09:54:37,Abila Airport
101,36.05412487,24.9081005,01/14/2014 11:06:01,Stewart and Sons Fabrication
101,36.05083713,24.82596703,01/16/2014 09:26:25,Abila Airport
101,36.0541493,24.90812048,01/16/2014 11:13:13,Stewart and Sons Fabrication
24,36.05402894,24.90114102,01/06/2014 08:07:02,Brew've Been Served
24,36.04811216,24.87957617,01/06/2014 12:24:01,GAStect
24,36.07525297,24.85676189,01/06/2014 21:04:05,Albert's Fine Clothing
24,36.0481167,24.87956993,01/07/2014 11:10:01,GAStect
24,36.05021624,24.90047475,01/07/2014 12:31:01,None
24,36.05445552,24.89987327,01/07/2014 14:11:01,Katerina's Cafe
24,36.04811539,24.87957246,01/07/2014 17:55:01,GAStect
24,36.05397529,24.90108056,01/08/2014 08:22:04,Brew've Been Served
24,36.05570501,24.90249923,01/08/2014 14:05:01,Guy's Gyros
24,36.04811538,24.87957645,01/08/2014 17:44:01,GAStect
24,36.06239944,24.89873523,01/08/2014 18:40:02,None
24,36.06248995,24.89878192,01/08/2014 23:00:01,None
24,36.07214572,24.8746267,01/09/2014 03:30:01,None
24,36.05398128,24.90120317,01/09/2014 08:03:01,Brew've Been Served
24,36.04811692,24.87957385,01/09/2014 11:17:01,GAStect
24,36.07666726,24.85769936,01/09/2014 13:59:01,Hippokampos
24,36.04811987,24.87957638,01/09/2014 17:40:01,GAStect
24,36.05585857,24.90251365,01/09/2014 21:12:01,Guy's Gyros
24,36.06248732,24.89884682,01/10/2014 07:50:01,None
24,36.05386687,24.9010554,01/10/2014 08:19:04,Brew've Been Served
24,36.04811054,24.87957009,01/10/2014 11:10:01,GAStect
24,36.06962962,24.84171511,01/10/2014 12:20:03,None
24,36.06767177,24.87147998,01/13/2014 13:22:01,U-Pump
24,36.07822041,24.87210034,01/14/2014 07:47:01,None
24,36.07329628,24.86419541,01/14/2014 08:18:01,Brewed Awakenings
24,36.04811354,24.87957038,01/14/2014 11:19:01,GAStect
24,36.06334839,24.85098184,01/14/2014 14:04:01,Abila Zacharo
24,36.04802432,24.87956958,01/14/2014 17:46:01,GAStect
24,36.05497673,24.90185453,01/14/2014 20:41:01,Frydos Autosupply n' More
24,36.06324321,24.90017553,01/15/2014 12:24:01,None
24,36.05586308,24.90257138,01/15/2014 19:56:01,Guy's Gyros
24,36.06242548,24.89876497,01/16/2014 07:57:02,None
24,36.06982796,24.8422554,01/16/2014 12:35:09,None
24,36.06243817,24.89872863,01/16/2014 19:18:01,None
24,36.0631726,24.85230146,01/16/2014 20:28:01,Roberts and Sons
24,36.06235499,24.89880303,01/17/2014 07:18:02,None
24,36.05465667,24.8897348,01/17/2014 08:17:01,Coffee Cameleon
24,36.04811216,24.87957531,01/17/2014 12:21:01,GAStect
24,36.05435421,24.89986287,01/17/2014 14:03:01,Katerina's Cafe
24,36.04811204,24.879571,01/17/2014 17:12:01,GAStect
24,36.04811001,24.87956748,01/17/2014 17:42:01,GAStect
24,36.05594904,24.90259862,01/17/2014 21:11:02,Guy's Gyros
24,36.06251592,24.89884321,01/18/2014 18:39:01,None
24,36.05591868,24.90259431,01/19/2014 20:36:01,Guy's Gyros
23,36.05397041,24.90115635,01/06/2014 07:56:03,Brew've Been Served
23,36.04811242,24.87957326,01/06/2014 16:45:01,GAStect
23,36.05394299,24.90114721,01/07/2014 07:58:02,Brew've Been Served
23,36.05440915,24.89985436,01/07/2014 13:42:01,Katerina's Cafe
23,36.04811079,24.87957667,01/07/2014 17:28:01,GAStect
23,36.05406798,24.90122736,01/08/2014 07:56:01,Brew've Been Served
23,36.05409636,24.90116845,01/09/2014 08:02:01,Brew've Been Served
23,36.04811038,24.87956669,01/09/2014 12:14:01,GAStect
23,36.0632797,24.85096757,01/09/2014 13:28:02,Abila Zacharo
23,36.05513046,24.9015335,01/09/2014 19:37:04,Frydos Autosupply n' More
23,36.05845294,24.90115598,01/10/2014 07:21:04,None
23,36.05399956,24.90110791,01/10/2014 07:52:02,Brew've Been Served
23,36.05386676,24.90114414,01/13/2014 08:01:04,Brew've Been Served
23,36.04811025,24.87956917,01/13/2014 17:14:01,GAStect
23,36.05408592,24.90113681,01/14/2014 07:49:01,Brew've Been Served
23,36.0519417,24.87096946,01/14/2014 13:43:02,Ouzeri Elian
23,36.05857857,24.90091652,01/14/2014 18:38:02,None
23,36.0540868,24.90117046,01/15/2014 08:06:01,Brew've Been Served
23,36.05196465,24.87087092,01/15/2014 13:30:01,Ouzeri Elian
23,36.05404606,24.9011432,01/16/2014 07:42:01,Brew've Been Served
23,36.04811885,24.87957093,01/16/2014 12:05:01,GAStect
23,36.05422542,24.89979479,01/16/2014 13:30:03,Katerina's Cafe
23,36.04810891,24.87956551,01/16/2014 17:19:01,GAStect
23,36.05407489,24.90116332,01/17/2014 08:05:01,Brew've Been Served
23,36.05576948,24.90245547,01/17/2014 13:28:01,Guy's Gyros
23,36.05840058,24.90105923,01/17/2014 18:55:01,None
23,36.05455006,24.89963222,01/18/2014 13:35:04,Katerina's Cafe
23,36.05196196,24.87077341,01/19/2014 13:29:01,Ouzeri Elian
23,36.05495766,24.9018185,01/19/2014 15:32:01,Frydos Autosupply n' More
23,36.05842409,24.90099272,01/19/2014 18:16:01,None
25,36.05469002,24.8896588,01/06/2014 07:55:03,Coffee Cameleon
25,36.04811252,24.87957533,01/06/2014 12:32:01,GAStect
25,36.05439598,24.89983261,01/06/2014 14:01:02,Katerina's Cafe
25,36.04811582,24.87957227,01/06/2014 17:39:01,GAStect
25,36.04811872,24.87957267,01/07/2014 12:31:01,GAStect
25,36.05468539,24.88973243,01/08/2014 08:02:01,Coffee Cameleon
25,36.04811971,24.87957324,01/08/2014 12:29:01,GAStect
25,36.05429745,24.89982706,01/08/2014 13:48:02,Katerina's Cafe
25,36.04811116,24.87956571,01/09/2014 12:13:01,GAStect
25,36.0546586,24.88978031,01/10/2014 08:17:01,Coffee Cameleon
25,36.04810878,24.8795653,01/10/2014 12:17:01,GAStect
25,36.0540966,24.89965101,01/10/2014 13:57:05,Katerina's Cafe
25,36.04811715,24.87956785,01/10/2014 17:22:01,GAStect
25,36.07525763,24.85656226,01/12/2014 15:53:03,Albert's Fine Clothing
25,36.04811119,24.87957498,01/13/2014 12:21:01,GAStect
25,36.05464702,24.88962353,01/14/2014 07:57:04,Coffee Cameleon
25,36.04812014,24.87956653,01/14/2014 12:36:01,GAStect
25,36.04811691,24.87956742,01/15/2014 12:08:01,GAStect
25,36.04811174,24.87956575,01/16/2014 12:32:01,GAStect
25,36.05941147,24.89489511,01/16/2014 19:13:01,None
25,36.05468975,24.88976869,01/17/2014 08:07:01,Coffee Cameleon
25,36.04811593,24.87957497,01/17/2014 12:21:01,GAStect
25,36.06336719,24.85103139,01/17/2014 13:44:01,Abila Zacharo
25,36.04810867,24.87957017,01/17/2014 17:42:01,GAStect
25,36.05297464,24.84955229,01/19/2014 12:38:02,kronos capitol
25,36.07654345,24.85760988,01/19/2014 13:34:01,Hippokampos
25,36.07527696,24.85635329,01/19/2014 15:42:01,Albert's Fine Clothing
25,36.05940498,24.8947462,01/19/2014 18:46:01,None
25,36.05282863,24.86861697,01/19/2014 19:59:01,Shoppers' Delight
30,36.0540097,24.90122669,01/06/2014 08:14:01,Brew've Been Served
30,36.05438865,24.89986754,01/06/2014 14:23:01,Katerina's Cafe
30,36.04802494,24.87956857,01/06/2014 17:22:01,GAStect
30,36.05407435,24.90118316,01/07/2014 08:24:01,Brew've Been Served
30,36.04811219,24.87956713,01/07/2014 12:41:01,GAStect
30,36.05193418,24.87095271,01/07/2014 14:12:02,Ouzeri Elian
30,36.0550763,24.90165983,01/07/2014 20:21:02,Frydos Autosupply n' More
30,36.05850779,24.90105071,01/08/2014 07:45:01,None
30,36.05409256,24.90121611,01/08/2014 08:11:01,Brew've Been Served
30,36.04811036,24.87957139,01/08/2014 17:41:01,GAStect
30,36.05848883,24.90105728,01/08/2014 19:23:01,None
30,36.05398474,24.90118654,01/09/2014 08:02:01,Brew've Been Served
30,36.04811315,24.8795716,01/09/2014 12:33:01,GAStect
30,36.05570739,24.90246817,01/09/2014 13:59:02,Guy's Gyros
30,36.05502388,24.90161553,01/09/2014 20:21:02,Frydos Autosupply n' More
30,36.05838488,24.90129838,01/10/2014 07:38:06,None
30,36.07669679,24.85783126,01/10/2014 14:08:03,Hippokampos
30,36.05845629,24.90113611,01/10/2014 19:08:01,None
30,36.05498684,24.90174374,01/11/2014 20:29:01,Frydos Autosupply n' More
30,36.0584163,24.90122865,01/12/2014 11:32:02,None
30,36.07689419,24.87618415,01/12/2014 18:58:03,Ahaggo Museum
30,36.05401444,24.90116454,01/13/2014 08:23:02,Brew've Been Served
30,36.04811424,24.87956591,01/13/2014 17:39:01,GAStect
30,36.05836729,24.90091453,01/13/2014 19:05:01,None
30,36.05287399,24.86866075,01/13/2014 20:52:01,Shoppers' Delight
30,36.05851653,24.90103394,01/14/2014 07:36:01,None
30,36.05389647,24.90106082,01/14/2014 08:24:05,Brew've Been Served
30,36.05492719,24.90184353,01/14/2014 20:53:01,Frydos Autosupply n' More
30,36.05838605,24.90128123,01/15/2014 07:46:05,None
30,36.05398779,24.90117596,01/15/2014 08:20:03,Brew've Been Served
30,36.04811923,24.87957512,01/15/2014 12:19:01,GAStect
30,36.0658178,24.85254978,01/15/2014 14:24:02,Kalami Kafenion
30,36.05397783,24.90115207,01/16/2014 08:07:02,Brew've Been Served
30,36.04811659,24.87957474,01/16/2014 17:25:01,GAStect
30,36.05842814,24.90105636,01/16/2014 18:49:01,None
30,36.05398277,24.90120816,01/17/2014 08:23:02,Brew've Been Served
30,36.06581678,24.85247448,01/18/2014 14:18:01,Kalami Kafenion
30,36.05853846,24.90091388,01/18/2014 18:43:01,None
15,36.04811253,24.87957015,01/06/2014 17:22:01,GAStect
15,36.07682869,24.86589647,01/07/2014 07:29:01,None
15,36.07318278,24.86419697,01/07/2014 08:13:03,Brewed Awakenings
15,36.04811536,24.87956872,01/07/2014 11:33:01,GAStect
15,36.06956919,24.84157442,01/07/2014 12:20:01,None
15,36.04810904,24.87957175,01/07/2014 17:26:01,GAStect
15,36.06028739,24.90553458,01/08/2014 07:18:03,None
15,36.05402502,24.90114708,01/08/2014 07:50:01,Brew've Been Served
15,36.05566227,24.90242102,01/08/2014 13:46:02,Guy's Gyros
15,36.06040506,24.90556323,01/09/2014 03:20:02,None
15,36.07219535,24.87460969,01/09/2014 07:23:01,None
15,36.06750965,24.87345338,01/09/2014 08:10:02,Jack's Magical Beans
15,36.04811232,24.87957602,01/09/2014 11:53:01,GAStect
15,36.06313289,24.90020969,01/09/2014 12:15:01,None
15,36.04811404,24.87956658,01/09/2014 17:33:01,GAStect
15,36.05507073,24.90197461,01/09/2014 20:48:02,Frydos Autosupply n' More
15,36.06041484,24.90562838,01/10/2014 07:23:01,None
15,36.04811753,24.87956833,01/10/2014 12:10:01,GAStect
15,36.06035271,24.90568849,01/11/2014 11:00:01,None
15,36.06955297,24.84161789,01/11/2014 12:44:02,None
15,36.06013045,24.90546955,01/12/2014 18:29:03,None
15,36.05038127,24.90032122,01/13/2014 12:10:03,None
15,36.06330459,24.85098662,01/13/2014 13:51:02,Abila Zacharo
15,36.05285181,24.86867106,01/13/2014 19:30:01,Shoppers' Delight
15,36.06030341,24.90557725,01/14/2014 07:31:01,None
15,36.06955046,24.84164057,01/14/2014 12:10:01,None
15,36.04811504,24.87957371,01/14/2014 17:37:01,GAStect
15,36.06039405,24.90558487,01/15/2014 07:43:01,None
15,36.05388456,24.90113606,01/15/2014 08:05:04,Brew've Been Served
15,36.05409011,24.90114057,01/16/2014 08:10:01,Brew've Been Served
15,36.05194817,24.87085623,01/16/2014 13:47:01,Ouzeri Elian
15,36.048117,24.87957085,01/16/2014 17:36:01,GAStect
15,36.06027156,24.90554696,01/17/2014 07:53:03,None
15,36.04811344,24.87956968,01/17/2014 17:22:01,GAStect
15,36.06050952,24.90511207,01/18/2014 12:51:06,None
15,36.05297005,24.84958533,01/18/2014 15:13:02,kronos capitol
15,36.06039976,24.90550207,01/18/2014 18:32:02,None
15,36.05454552,24.89997443,01/18/2014 20:15:01,Katerina's Cafe
15,36.06032492,24.90564311,01/19/2014 18:28:01,None
15,36.05589011,24.90260573,01/19/2014 20:35:01,Guy's Gyros
28,36.07165969,24.86982651,01/06/2014 08:05:01,None
28,36.07144105,24.86968675,01/09/2014 07:57:01,None
28,36.0519251,24.87529768,01/09/2014 12:02:01,None
28,36.07175648,24.86938908,01/10/2014 07:48:02,None
28,36.07258286,24.87551636,01/11/2014 18:20:02,None
28,36.0716778,24.86922196,01/14/2014 08:01:01,None
28,36.05270026,24.87565252,01/14/2014 12:02:02,None
28,36.07257805,24.87544349,01/16/2014 07:39:01,None
28,36.0718905,24.86959033,01/17/2014 07:59:01,None
28,36.05700197,24.84564701,01/18/2014 13:22:01,kronos capitol
5,36.04811577,24.87956949,01/06/2014 12:00:01,GAStect
5,36.05437884,24.89986019,01/06/2014 13:48:02,Katerina's Cafe
5,36.04811877,24.87957309,01/07/2014 12:08:01,GAStect
5,36.06311909,24.85099013,01/07/2014 13:31:04,Abila Zacharo
5,36.04811935,24.87957312,01/07/2014 17:17:01,GAStect
5,36.06732392,24.87783446,01/08/2014 07:38:01,None
5,36.04811032,24.87956751,01/08/2014 12:13:01,GAStect
5,36.05401607,24.89965145,01/08/2014 13:33:06,Katerina's Cafe
5,36.0481177,24.87957103,01/08/2014 17:34:01,GAStect
5,36.04811709,24.87957504,01/09/2014 12:02:01,GAStect
5,36.04811616,24.87956846,01/10/2014 11:52:01,GAStect
5,36.06328955,24.85100438,01/10/2014 13:34:02,Abila Zacharo
5,36.04811812,24.87956861,01/10/2014 17:12:01,GAStect
5,36.06726682,24.87791618,01/10/2014 18:30:01,None
5,36.06736001,24.87793243,01/11/2014 18:13:01,None
5,36.04811431,24.87956578,01/13/2014 12:11:01,GAStect
5,36.0543839,24.89986797,01/13/2014 13:37:01,Katerina's Cafe
5,36.04810972,24.87957567,01/13/2014 17:28:01,GAStect
5,36.06736692,24.87783035,01/13/2014 19:07:01,None
5,36.06752857,24.87348203,01/14/2014 07:56:03,Jack's Magical Beans
5,36.04811023,24.87957184,01/14/2014 12:04:01,GAStect
5,36.04819743,24.87957116,01/15/2014 11:52:02,GAStect
5,36.06723281,24.87794423,01/15/2014 18:47:01,None
5,36.04810976,24.8795685,01/16/2014 12:15:01,GAStect
5,36.07664027,24.85768698,01/16/2014 13:28:01,Hippokampos
5,36.04811257,24.87956813,01/16/2014 17:22:01,GAStect
5,36.04811722,24.87956541,01/17/2014 17:24:01,GAStect
5,36.06717037,24.87790511,01/17/2014 18:38:02,None
22,36.05408148,24.90125166,01/06/2014 08:17:01,Brew've Been Served
22,36.05399528,24.901209,01/07/2014 08:01:02,Brew've Been Served
22,36.04811868,24.87957669,01/07/2014 17:37:01,GAStect
22,36.05399014,24.90121236,01/08/2014 08:17:01,Brew've Been Served
22,36.05806842,24.90073339,01/08/2014 18:29:06,None
22,36.0519599,24.87079888,01/08/2014 20:16:01,Ouzeri Elian
22,36.05850852,24.9010053,01/09/2014 07:37:01,None
22,36.05401578,24.90114205,01/09/2014 08:19:01,Brew've Been Served
22,36.05399292,24.90109163,01/10/2014 08:10:03,Brew've Been Served
22,36.05848148,24.90083838,01/11/2014 18:24:02,None
22,36.05847271,24.90096522,01/13/2014 07:30:01,None
22,36.05401333,24.90108088,01/13/2014 08:11:03,Brew've Been Served
22,36.04811611,24.87956817,01/13/2014 11:54:01,GAStect
22,36.04811625,24.87957368,01/13/2014 17:53:01,GAStect
22,36.05842368,24.90108361,01/13/2014 19:51:01,None
22,36.05395196,24.90116064,01/14/2014 08:05:02,Brew've Been Served
22,36.05846367,24.90103038,01/15/2014 07:28:01,None
22,36.05400774,24.90122289,01/15/2014 07:56:02,Brew've Been Served
22,36.04811828,24.87957535,01/15/2014 12:12:01,GAStect
22,36.0544627,24.89988462,01/15/2014 13:32:01,Katerina's Cafe
22,36.0481181,24.87956629,01/15/2014 17:53:01,GAStect
22,36.05847307,24.90122377,01/15/2014 19:18:02,None
22,36.05403582,24.90120903,01/16/2014 08:05:01,Brew've Been Served
22,36.04811145,24.8795705,01/16/2014 12:05:01,GAStect
22,36.04811202,24.87956694,01/16/2014 17:31:01,GAStect
22,36.05839634,24.90092781,01/16/2014 19:29:01,None
22,36.05283626,24.86869099,01/16/2014 20:56:01,Shoppers' Delight
22,36.05842568,24.90120566,01/17/2014 08:02:04,None
22,36.05401332,24.90120347,01/17/2014 08:24:02,Brew've Been Served
22,36.05282385,24.86866066,01/17/2014 20:23:01,Shoppers' Delight
22,36.05823702,24.90086216,01/18/2014 10:02:03,None
22,36.052928,24.84936915,01/18/2014 13:22:01,kronos capitol
9,36.0766504,24.85769053,01/06/2014 13:59:01,Hippokampos
9,36.08424703,24.85639602,01/07/2014 07:15:01,None
9,36.0481159,24.87957261,01/07/2014 12:18:01,GAStect
9,36.05437003,24.8998395,01/09/2014 14:12:01,Katerina's Cafe
9,36.04811563,24.87956848,01/09/2014 17:23:01,GAStect
9,36.07668148,24.85762203,01/09/2014 20:16:01,Hippokampos
9,36.08432519,24.85624828,01/10/2014 07:25:03,None
9,36.04811295,24.87957456,01/10/2014 12:20:01,GAStect
9,36.04811813,24.87957434,01/13/2014 17:26:01,GAStect
9,36.04811811,24.87957025,01/14/2014 12:23:01,GAStect
9,36.07666211,24.85749818,01/14/2014 19:35:01,Hippokampos
9,36.08427977,24.85632106,01/15/2014 07:38:01,None
9,36.04811529,24.87957164,01/15/2014 12:17:01,GAStect
9,36.04811696,24.87956829,01/15/2014 17:30:01,GAStect
9,36.04811414,24.87956659,01/16/2014 12:17:01,GAStect
9,36.04810862,24.87957494,01/16/2014 17:19:01,GAStect
9,36.08175025,24.85101631,01/17/2014 08:11:01,Bean There Done That
9,36.07667185,24.85761344,01/17/2014 20:27:01,Hippokampos
9,36.07663537,24.85766198,01/18/2014 13:22:01,Hippokampos
9,36.05505198,24.90153709,01/18/2014 15:55:03,Frydos Autosupply n' More
9,36.07670547,24.85745355,01/18/2014 20:34:02,Hippokampos
9,36.07671338,24.85742541,01/19/2014 20:23:02,Hippokampos
107,36.05844079,24.88547387,01/06/2014 10:03:33,Nationwide Refinery
107,36.04802337,24.87957363,01/07/2014 08:48:40,GAStect
107,36.0584654,24.88559585,01/07/2014 10:12:46,Nationwide Refinery
107,36.06532892,24.83306881,01/07/2014 14:22:25,Kronos Pipe and Irrigation
107,36.04803049,24.87957544,01/08/2014 08:58:12,GAStect
107,36.054143,24.90816022,01/08/2014 11:58:09,Stewart and Sons Fabrication
107,36.06517237,24.83281063,01/08/2014 14:09:42,Kronos Pipe and Irrigation
107,36.05843879,24.88561074,01/09/2014 10:17:26,Nationwide Refinery
107,36.05856036,24.88087128,01/09/2014 13:24:54,Carlyle Chemical Inc.
107,36.06519833,24.83257785,01/09/2014 14:29:17,Kronos Pipe and Irrigation
107,36.04802609,24.87957431,01/10/2014 09:03:45,GAStect
107,36.04807663,24.87957193,01/13/2014 08:52:26,GAStect
107,36.05843116,24.88548326,01/13/2014 10:19:08,Nationwide Refinery
107,36.0481137,24.87957118,01/14/2014 09:03:45,GAStect
107,36.0652668,24.83298197,01/15/2014 14:13:36,Kronos Pipe and Irrigation
107,36.05848251,24.88560725,01/16/2014 10:22:20,Nationwide Refinery
107,36.04807396,24.87957535,01/17/2014 08:58:56,GAStect
107,36.0481084,24.87956638,01/17/2014 11:53:01,GAStect
107,36.05844193,24.88567643,01/17/2014 13:17:02,Nationwide Refinery
107,36.05848866,24.88562259,01/17/2014 17:12:01,Nationwide Refinery
104,36.05098457,24.82597308,01/06/2014 12:16:54,Abila Airport
104,36.04811897,24.87957352,01/06/2014 13:23:23,GAStect
104,36.05102575,24.82595634,01/07/2014 12:31:48,Abila Airport
104,36.04811092,24.87957595,01/07/2014 13:44:52,GAStect
104,36.05066593,24.82593753,01/07/2014 15:46:54,Abila Airport
104,36.05099211,24.82597514,01/08/2014 12:46:59,Abila Airport
104,36.04802302,24.87957677,01/09/2014 10:45:21,GAStect
104,36.05097547,24.82598413,01/09/2014 12:16:13,Abila Airport
104,36.04811644,24.87957567,01/09/2014 13:01:51,GAStect
104,36.05100193,24.82596542,01/13/2014 12:14:56,Abila Airport
104,36.05046912,24.82607491,01/13/2014 17:11:04,Abila Airport
104,36.05102641,24.82595264,01/14/2014 12:38:03,Abila Airport
104,36.04803049,24.87957205,01/14/2014 13:56:07,GAStect
104,36.05086406,24.8259462,01/14/2014 15:35:04,Abila Airport
104,36.0481134,24.87957646,01/15/2014 10:12:38,GAStect
104,36.04811397,24.87957244,01/16/2014 13:24:47,GAStect
104,36.05080388,24.82595719,01/16/2014 17:19:01,Abila Airport
105,36.05852637,24.88092403,01/07/2014 09:56:11,Carlyle Chemical Inc.
105,36.05853437,24.88092563,01/07/2014 14:35:51,Carlyle Chemical Inc.
105,36.04802998,24.87956809,01/07/2014 15:54:02,GAStect
105,36.05844453,24.88090341,01/07/2014 16:23:08,Carlyle Chemical Inc.
105,36.04803174,24.87956602,01/08/2014 08:48:17,GAStect
105,36.05855273,24.88087758,01/08/2014 09:44:23,Carlyle Chemical Inc.
105,36.05847126,24.88087504,01/08/2014 14:29:11,Carlyle Chemical Inc.
105,36.04803261,24.87957503,01/08/2014 15:52:55,GAStect
105,36.05843828,24.88089059,01/08/2014 16:38:59,Carlyle Chemical Inc.
105,36.04802144,24.87957578,01/09/2014 08:46:00,GAStect
105,36.05856359,24.88091249,01/09/2014 09:55:22,Carlyle Chemical Inc.
105,36.04811795,24.87956746,01/09/2014 15:47:27,GAStect
105,36.05852384,24.88089598,01/09/2014 16:23:22,Carlyle Chemical Inc.
105,36.04802587,24.87957419,01/14/2014 08:42:03,GAStect
105,36.05853591,24.88107381,01/14/2014 09:35:00,Carlyle Chemical Inc.
105,36.05844657,24.88090343,01/14/2014 14:27:50,Carlyle Chemical Inc.
105,36.04811577,24.87957034,01/14/2014 15:49:06,GAStect
105,36.05854235,24.8809223,01/14/2014 16:17:16,Carlyle Chemical Inc.
105,36.04802791,24.87957205,01/15/2014 08:53:43,GAStect
105,36.05852523,24.8808674,01/15/2014 09:36:19,Carlyle Chemical Inc.
105,36.05848579,24.88087096,01/15/2014 14:30:38,Carlyle Chemical Inc.
105,36.048022,24.87957287,01/15/2014 15:51:19,GAStect
105,36.058382,24.88090377,01/15/2014 17:04:02,Carlyle Chemical Inc.
105,36.04807267,24.87957558,01/16/2014 08:49:14,GAStect
105,36.05853743,24.88089093,01/16/2014 09:54:11,Carlyle Chemical Inc.
106,36.05079759,24.82591286,01/07/2014 13:18:06,Abila Airport
106,36.07437836,24.84595026,01/07/2014 14:20:29,Abila Scrapyard
106,36.05414227,24.90820285,01/07/2014 15:03:31,Stewart and Sons Fabrication
106,36.05847288,24.88560457,01/08/2014 09:56:50,Nationwide Refinery
106,36.04802722,24.87957416,01/09/2014 12:31:15,GAStect
106,36.05078387,24.82598502,01/09/2014 13:18:58,Abila Airport
106,36.05080896,24.82590602,01/14/2014 13:08:02,Abila Airport
106,36.07443715,24.84592966,01/14/2014 14:19:08,Abila Scrapyard
106,36.05847068,24.88552211,01/15/2014 10:08:04,Nationwide Refinery
106,36.04811649,24.87957667,01/15/2014 11:49:01,GAStect
106,36.04811242,24.87957223,01/16/2014 12:39:16,GAStect
31,36.048116,24.87956903,01/17/2014 12:15:01,GAStect
31,36.07057375,24.89514879,01/18/2014 12:35:01,Chostus Hotel
31,36.05451022,24.89992355,01/18/2014 13:48:01,Katerina's Cafe
31,36.05598992,24.90259278,01/19/2014 19:46:02,Guy's Gyros
